"","link","Brand","Model","year","Engine","body_type","Wheelbase","fuel_supply","valves_in_cylinders","Fuel","eco_standart","ABS","front_brakes","rear_brakes","length","width","height","weight","max_width","boot_capacity","engine_kw","engine_hp","torque","cylinders_diameter","fuel_capacity","max_speed","acceleration","fuel_town","fuel_road","fuel_avg","doors","seats","cylinders","gears","tires","wheels"
"1","https://www.car-info.com/en/model/porsche/911/911-vii-991-targa-facelift/4-3-0-at-370-hp-4wd","Porsche","911 VII (991) Targa Facelift","2015  ",2981,"Targa",2450,"Injection ","4","A-98",NA,NA,NA,NA,4499,1852,1288,1288,2000,125,271,363,271,NA,68,287,4.5,NA,NA,NA,"2","2","6","7",NA,NA
"2","https://www.car-info.com/en/model/porsche/911/911-vii-991-targa-facelift/4s-3-0-at-420-hp-4wd","Porsche","911 VII (991) Targa Facelift","2015  ",2981,"Targa",2450,"Injection ","4","A-98",NA,NA,NA,NA,4499,1852,1288,1288,2025,125,308,413,308,NA,68,301,4.2,NA,NA,8100,"2","2","6","7",NA,NA
"3","https://www.car-info.com/en/model/porsche/911/911-vii-991-targa-facelift/4-3-0-mt-370-hp-4wd","Porsche","911 VII (991) Targa Facelift","2015  ",2981,"Targa",2450,"Injection ","4","A-98",NA,NA,NA,NA,4499,1852,1288,1288,2000,125,271,363,271,NA,68,289,4.7,NA,NA,NA,"2","2","6","7",NA,NA
"4","https://www.car-info.com/en/model/porsche/911/911-vii-991-targa-facelift/4s-3-0-mt-420-hp-4wd","Porsche","911 VII (991) Targa Facelift","2015  ",2981,"Targa",2450,"Injection ","4","A-98",NA,NA,NA,NA,4499,1852,1288,1288,2025,125,308,413,308,NA,68,303,4.4,NA,NA,9100,"2","2","6","7",NA,NA
"5","https://www.car-info.com/en/model/porsche/911/911-vii-991-coupe-facelift/carrera-3-0-at-370-hp","Porsche","911 VII (991) Coupe Facelift","2015  ",2981,"Coupe",2450,"Injection ","4","A-98","Euro 6",NA,NA,NA,4499,1808,1302,1302,1890,145,271,363,271,NA,64,293,4.4,NA,6100,NA,"2","4","6","7","235/40/R19","8,5"
"6","https://www.car-info.com/en/model/porsche/911/911-vii-991-coupe-facelift/carrera-4s-3-0-at-420-hp-4wd","Porsche","911 VII (991) Coupe Facelift","2015  ",2981,"Coupe",2450,"Injection ","4","A-98","Euro 6",NA,NA,NA,4499,1808,1302,1302,1965,145,308,413,308,NA,64,303,4,NA,NA,NA,"2","4","6","7","245/35/R20","8,5"
"7","https://www.car-info.com/en/model/porsche/911/911-vii-991-coupe-facelift/carrera-s-3-0-at-420-hp","Porsche","911 VII (991) Coupe Facelift","2015  ",2981,"Coupe",2450,"Injection ","4","A-98","Euro 6",NA,NA,NA,4499,1808,1302,1302,1915,145,308,413,308,NA,64,306,4.1,NA,NA,NA,"2","4","6","7","245/35/R20","8,5"
"8","https://www.car-info.com/en/model/porsche/911/911-vii-991-coupe-facelift/carrera-3-0-mt-370-hp","Porsche","911 VII (991) Coupe Facelift","2015  ",2981,"Coupe",2450,"Injection ","4","A-98","Euro 6",NA,NA,NA,4499,1808,1302,1302,1875,145,271,363,271,NA,64,295,4.6,NA,NA,NA,"2","4","6","7","235/40/R19","8,5"
"9","https://www.car-info.com/en/model/porsche/911/911-vii-991-coupe-facelift/carrera-4s-3-0-mt-420-hp-4wd","Porsche","911 VII (991) Coupe Facelift","2015  ",2981,"Coupe",2450,"Injection ","4","A-98","Euro 6",NA,NA,NA,4499,1808,1302,1302,1950,145,308,413,308,NA,64,305,4.2,NA,NA,NA,"2","4","6","7","245/35/R20","8,5"
"10","https://www.car-info.com/en/model/porsche/911/911-vii-991-coupe-facelift/carrera-s-3-0-mt-420-hp","Porsche","911 VII (991) Coupe Facelift","2015  ",2981,"Coupe",2450,"Injection ","4","A-98","Euro 6",NA,NA,NA,4499,1808,1302,1302,1900,145,308,413,308,NA,64,308,4.3,NA,NA,NA,"2","4","6","7","245/35/R20","8,5"
"11","https://www.car-info.com/en/model/porsche/911/911-vii-991-coupe-facelift/turbo-3-8-at-540-hp-4wd","Porsche","911 VII (991) Coupe Facelift","2015  ",3800,"Coupe",2450,"Injection ","4","A-98","Euro 6",NA,NA,NA,4499,1808,1302,1302,2010,145,396,531,396,NA,64,320,3,NA,NA,NA,"2","4","6","7","245/35/R20","8,5"
"12","https://www.car-info.com/en/model/porsche/911/911-vii-991-coupe-facelift/turbo-s-3-8-at-580-hp-4wd","Porsche","911 VII (991) Coupe Facelift","2015  ",3800,"Coupe",2450,"Injection ","4","A-98","Euro 6",NA,NA,NA,4499,1808,1302,1302,1990,145,425,570,425,NA,64,330,2.9,NA,NA,NA,"2","4","6","7","245/35/R20","8,5"
"13","https://www.car-info.com/en/model/porsche/911/911-vii-991-cabrio-facelift/carrera-3-0-at-370-hp-1","Porsche","911 VII (991) Cabrio Facelift","2015  ",2981,"Cabrio",2450,"Injection ","4","A-98","Euro 6",NA,NA,NA,4499,1808,1297,1297,1940,145,271,363,271,NA,64,290,4.6,NA,NA,NA,"2","4","6","7","235/40/R19","8,5"
"14","https://www.car-info.com/en/model/porsche/911/911-vii-991-cabrio-facelift/carrera-4s-3-0-at-420-hp-4wd-1","Porsche","911 VII (991) Cabrio Facelift","2015  ",2981,"Cabrio",2450,"Injection ","4","A-98","Euro 6",NA,NA,NA,4499,1808,1297,1297,2015,145,308,413,308,NA,64,301,4.2,NA,NA,8100,"2","4","6","7","245/35/R20","8,5"
"15","https://www.car-info.com/en/model/porsche/911/911-vii-991-cabrio-facelift/carrera-s-3-0-at-420-hp-1","Porsche","911 VII (991) Cabrio Facelift","2015  ",2981,"Cabrio",2450,"Injection ","4","A-98","Euro 6",NA,NA,NA,4499,1808,1297,1297,1965,145,308,413,308,NA,64,304,4.3,NA,NA,NA,"2","4","6","7","245/35/R20","8,5"
"16","https://www.car-info.com/en/model/porsche/911/911-vii-991-cabrio-facelift/carrera-3-0-mt-370-hp-1","Porsche","911 VII (991) Cabrio Facelift","2015  ",2981,"Cabrio",2450,"Injection ","4","A-98","Euro 6",NA,NA,NA,4499,1808,1297,1297,1925,145,271,363,271,NA,64,292,4.8,NA,NA,NA,"2","4","6","7","235/40/R19","8,5"
"17","https://www.car-info.com/en/model/porsche/911/911-vii-991-cabrio-facelift/carrera-4s-3-0-mt-420-hp-4wd-1","Porsche","911 VII (991) Cabrio Facelift","2015  ",2981,"Cabrio",2450,"Injection ","4","A-98","Euro 6",NA,NA,NA,4499,1808,1297,1297,2000,145,308,413,308,NA,64,303,4.4,NA,NA,9100,"2","4","6","7","245/35/R20","8,5"
"18","https://www.car-info.com/en/model/porsche/911/911-vii-991-cabrio-facelift/carrera-s-3-0-mt-420-hp-1","Porsche","911 VII (991) Cabrio Facelift","2015  ",2981,"Cabrio",2450,"Injection ","4","A-98","Euro 6",NA,NA,NA,4499,1808,1297,1297,1950,145,308,413,308,NA,64,306,4.5,NA,NA,NA,"2","4","6","7","245/35/R20","8,5"
"19","https://www.car-info.com/en/model/porsche/911/911-vii-991-cabrio-facelift/turbo-3-8-at-540-hp-4wd-1","Porsche","911 VII (991) Cabrio Facelift","2015  ",3800,"Cabrio",2450,"Injection ","4","A-98","Euro 6",NA,NA,NA,4499,1808,1297,1297,2065,145,396,531,396,NA,64,320,3.1,NA,NA,NA,"2","4","6","7","245/35/R20","8,5"
"20","https://www.car-info.com/en/model/porsche/911/911-vii-991-cabrio-facelift/turbo-s-3-8-at-580-hp-4wd-1","Porsche","911 VII (991) Cabrio Facelift","2015  ",3800,"Cabrio",2450,"Injection ","4","A-98","Euro 6",NA,NA,NA,4499,1808,1297,1297,2045,145,425,570,425,NA,64,330,3,NA,NA,NA,"2","4","6","7","245/35/R20","8,5"
"21","https://www.car-info.com/en/model/porsche/911/911-turbo-997/911-turbo-997","Porsche","911 Turbo (997)","2007  ",3600,"Cabrio",2350,"Injection ","4","A-98",NA,"Yes",NA,NA,4450,1852,1300,1300,1950,NA,352,472,352,100,67,310,3.9,18.81,9.51,NA,"2","4","6","6",NA,NA
"22","https://www.car-info.com/en/model/porsche/911/911-targa-4s-997/3-8i-355hp","Porsche","911 Targa 4S (997)","2006  ",3824,"Coupe",2350,"Injection ",NA,"A-98",NA,"Yes",NA,NA,4427,1808,1310,1310,1810,NA,260,348,260,NA,64,285,5,NA,NA,11100,NA,NA,NA,NA,"235/40R18ZR",NA
"23","https://www.car-info.com/en/model/porsche/911/911-targa-4s-997/3-8i-385hp","Porsche","911 Targa 4S (997)","2008  ",3797,"Coupe",2350,"Injection ",NA,"A-98",NA,"Yes",NA,NA,4427,1808,1310,1310,1810,NA,319,427,319,NA,64,285,5,NA,NA,11100,NA,NA,NA,NA,"235/40R18ZR",NA
"24","https://www.car-info.com/en/model/porsche/911/911-targa-4-997/3-6i-325hp","Porsche","911 Targa 4 (997)","2006  ",3596,"Coupe",2350,"Injection ",NA,"A-95",NA,"Yes",NA,NA,4427,1808,1310,1310,1810,NA,238,319,238,96,64,285,5,NA,NA,11100,NA,NA,NA,NA,"235/40R18ZR",NA
"25","https://www.car-info.com/en/model/porsche/911/911-targa-4-997/3-6i-345hp","Porsche","911 Targa 4 (997)","2008  ",3614,"Coupe",2350,"Injection ",NA,"A-95",NA,"Yes",NA,NA,4427,1808,1310,1310,1810,NA,253,339,253,96,64,285,5,NA,NA,11100,NA,NA,NA,NA,"235/40R18ZR",NA
"26","https://www.car-info.com/en/model/porsche/911/911-targa-996/3-6-carrera-320-hp","Porsche","911 Targa (996)","2001  ",3596,"Cabrio",2350,"Injection ","4","A-95",NA,"Yes",NA,NA,4430,1770,1305,1305,1845,NA,235,315,235,96,64,285,5.2,16.11,8.11,NA,"2","2","6","6","205/50-255/40",NA
"27","https://www.car-info.com/en/model/porsche/911/911-targa-993/3-6-carrera-286-hp","Porsche","911 Targa (993)","1995  ",3600,"Cabrio",2275,"Injection ","2","A-95",NA,"Yes",NA,NA,4245,1735,1300,1300,1740,NA,209,280,209,100,74,275,5.4,NA,NA,11.21,"2","2","6","6","205/50-255/40",NA
"28","https://www.car-info.com/en/model/porsche/911/911-cabrio-997/911-carrera-cabriolet-325-hp","Porsche","911 Cabrio (997)","2006  ",3596,"Coupe",2350,"Injection ","4","A-95",NA,"Yes",NA,NA,4427,1808,1310,1310,1875,NA,238,319,238,96,64,285,5.2,16.41,8.11,NA,"2","4","6","6",NA,NA
"29","https://www.car-info.com/en/model/porsche/911/911-cabrio-997/911-carrera-s-cabriolet-355-hp","Porsche","911 Cabrio (997)","2006  ",3824,"Cabrio",2350,"Injection ","4","A-98",NA,"Yes",NA,NA,4427,1808,1310,1310,1885,NA,260,348,260,NA,64,293,4.9,17.31,8.41,NA,"2","4","6","6",NA,NA
"30","https://www.car-info.com/en/model/porsche/911/911-cabrio-997/911-turbo-cabriolet-480-hp","Porsche","911 Cabrio (997)","2007  ",3600,"Cabrio",2350,"Injection ","4","A-98",NA,"Yes",NA,NA,4427,1808,1310,1310,2000,NA,352,472,352,100,64,310,4,19.21,9.51,12.91,"2","4","6","6",NA,NA
"31","https://www.car-info.com/en/model/porsche/911/911-cabrio-996/3-4-carrera-300-hp","Porsche","911 Cabrio (996)","1998  ",3387,"Coupe",2350,"Injection ","4","A-95",NA,"Yes",NA,NA,4430,1765,1305,1305,1795,NA,220,295,220,96,64,280,5.4,17.21,8.51,NA,"2","2","6","6","205/50-255/40",NA
"32","https://www.car-info.com/en/model/porsche/911/911-cabrio-996/3-4-carrera-4-300-hp","Porsche","911 Cabrio (996)","1998  ",3387,"Cabrio",2350,"Injection ","4","A-95",NA,"Yes",NA,NA,4430,1765,1305,1305,1850,NA,220,295,220,96,64,280,5.4,17.41,8.81,NA,"2","2","6","6","205/50-255/40",NA
"33","https://www.car-info.com/en/model/porsche/911/911-cabrio-996/3-6-carrera-320-hp-1","Porsche","911 Cabrio (996)","2000  ",3596,"Cabrio",2350,"Injection ","4","A-95",NA,"Yes",NA,NA,4430,1770,1305,1305,1855,NA,235,315,235,96,64,285,5.2,NA,NA,11100,"2","2","6","6","205/50-255/40",NA
"34","https://www.car-info.com/en/model/porsche/911/911-cabrio-996/3-6-carrera-4-320-hp","Porsche","911 Cabrio (996)","2001  ",3596,"Cabrio",2350,"Injection ","4","A-95",NA,"Yes",NA,NA,4430,1770,1305,1305,1915,NA,235,315,235,96,64,285,5.2,NA,NA,11.21,"2","2","6","6","205/50-255/40",NA
"35","https://www.car-info.com/en/model/porsche/911/911-cabrio-993/3-6-carrera-272-hp","Porsche","911 Cabrio (993)","1994  ",3600,"Coupe",2272,"Injection ","2","A-95",NA,"Yes",NA,NA,4245,1735,1300,1300,1710,NA,199,267,199,100,74,270,5.6,NA,NA,11.51,"2","2","6","6","205/55-245/45",NA
"36","https://www.car-info.com/en/model/porsche/911/911-cabrio-993/3-6-carrera-286-hp-1","Porsche","911 Cabrio (993)","1995  ",3600,"Cabrio",2272,"Injection ","2","A-95",NA,"Yes",NA,NA,4245,1735,1300,1300,1710,NA,209,280,209,100,74,275,5.4,NA,NA,11.21,"2","2","6","6","205/55-245/45",NA
"37","https://www.car-info.com/en/model/porsche/911/911-cabrio-993/3-6-carrera-4-286-hp","Porsche","911 Cabrio (993)","1995  ",3600,"Cabrio",2272,"Injection ","2","A-95",NA,"Yes",NA,NA,4245,1735,1300,1300,1760,NA,209,280,209,100,74,275,5.3,NA,NA,11.21,"2","2","6","6","205/55-245/45",NA
"38","https://www.car-info.com/en/model/porsche/911/911-cabrio-991/3-8-carrera-s-cabrio-400hp","Porsche","911 Cabrio (991)","2011  ",3800,"Coupe",2450,"Injection ",NA,"A-98",NA,"Yes",NA,NA,4491,1808,1299,1299,1905,NA,293,393,293,102,64,301,4.7,14.11,7.21,9.71,NA,NA,NA,NA,"245/35",NA
"39","https://www.car-info.com/en/model/porsche/911/911-cabrio-964/3-6-carrera-250-hp","Porsche","911 Cabrio (964)","1989  ",3600,"Coupe",2270,"Injection ","2","A-95",NA,"Yes",NA,NA,4250,1650,1310,NA,NA,NA,183,245,183,100,77,260,5.7,17.11,8.71,9.71,"2","2","6","5","205/50",NA
"40","https://www.car-info.com/en/model/porsche/911/911-cabrio-964/3-6-carrera-4-250-hp","Porsche","911 Cabrio (964)","1989  ",3600,"Cabrio",2270,"Injection ","2","A-95",NA,"Yes",NA,NA,4250,1650,1310,NA,NA,NA,183,245,183,100,77,260,5.7,17.91,8100,9.51,"2","2","6","5","205/50",NA
"41","https://www.car-info.com/en/model/porsche/911/911-997/3-6-carrera-325-hp","Porsche","911 (997)","2004  ",3596,"SUV",2350,"Injection ","4","A-95",NA,"Yes",NA,NA,4427,1808,1310,1310,1810,NA,238,319,238,96,64,285,5,NA,NA,11100,"2","2","6","6","235/40R18ZR",NA
"42","https://www.car-info.com/en/model/porsche/911/911-997/3-6-carrera-325-hp-1","Porsche","911 (997)","2005  ",3596,"Coupe",2350,"Injection ","4","A-95",NA,"Yes",NA,NA,4427,1808,1310,1310,1810,NA,238,319,238,96,64,285,5,NA,NA,11100,"2","2","6","6","235/40R18ZR",NA
"43","https://www.car-info.com/en/model/porsche/911/911-997/3-6-carrera-325-hp-tiptronic","Porsche","911 (997)","2004  ",3596,"Coupe",2350,"Injection ","4","A-95",NA,"Yes",NA,NA,4427,1808,1310,1310,1855,NA,238,319,238,96,64,280,5.5,NA,NA,NA,"2","2","6","5","235/40R18ZR",NA
"44","https://www.car-info.com/en/model/porsche/911/911-997/3-6-carrera-345-hp","Porsche","911 (997)","2008  ",3614,"Coupe",2350,"Injection ","4","A-95",NA,"Yes",NA,NA,4435,1808,1310,1310,1820,NA,253,339,253,96,64,289,4.9,NA,NA,10.31,"2","2","6","6","235/40R18ZR",NA
"45","https://www.car-info.com/en/model/porsche/911/911-997/3-6-carrera-345-hp-pdk","Porsche","911 (997)","2008  ",3614,"Coupe",2350,"Injection ","4","A-95",NA,"Yes",NA,NA,4435,1808,1310,1310,1850,NA,253,339,253,96,64,287,4.7,NA,NA,NA,"2","2","6","7","235/40R18ZR",NA
"46","https://www.car-info.com/en/model/porsche/911/911-997/3-6-carrera-4-325-hp","Porsche","911 (997)","2004  ",3596,"Coupe",2350,"Injection ","4","A-95",NA,"Yes",NA,NA,4427,1852,1310,1310,1865,NA,238,319,238,96,67,280,5.1,NA,NA,11.31,"2","2","6","6","235/40R18ZR",NA
"47","https://www.car-info.com/en/model/porsche/911/911-997/3-6-carrera-4-325-hp-tiptronic","Porsche","911 (997)","2004  ",3596,"Coupe",2350,"Injection ","4","A-95",NA,"Yes",NA,NA,4427,1852,1310,1310,1910,NA,238,319,238,96,67,275,5.6,NA,NA,11.81,"2","2","6","5","235/40R18ZR",NA
"48","https://www.car-info.com/en/model/porsche/911/911-997/3-6-carrera-s-325-hp-tiptronic","Porsche","911 (997)","2004  ",3596,"Coupe",2350,"Injection ","4","A-95",NA,"Yes",NA,NA,4427,1808,1310,1310,1855,NA,238,319,238,96,64,280,5.5,NA,NA,NA,"2","2","6","5","235/40R18ZR",NA
"49","https://www.car-info.com/en/model/porsche/911/911-997/3-8-carrera-4s-355-hp","Porsche","911 (997)","2005  ",3824,"Coupe",2350,"Injection ","4","A-98",NA,"Yes",NA,NA,4427,1808,1300,1300,1900,NA,260,348,260,NA,67,280,5.4,18100,NA,11.91,"2","2","6","5","235/35R19ZR",NA
"50","https://www.car-info.com/en/model/porsche/911/911-997/3-8-carrera-4s-355-hp-pdk","Porsche","911 (997)","2008  ",3824,"Coupe",2350,"Injection ","4","A-98",NA,"Yes",NA,NA,4435,1852,1300,1300,1880,NA,282,378,282,NA,67,295,4.5,NA,7.41,NA,"2","2","6","6","235/35R19ZR","8J"
"51","https://www.car-info.com/en/model/porsche/911/911-997/3-8-carrera-4s-355-hp-tiptronic","Porsche","911 (997)","2005  ",3824,"Coupe",2350,"Injection ","4","A-98",NA,"Yes",NA,NA,4427,1808,1300,1300,1900,NA,260,348,260,NA,67,28,5.3,18100,NA,12.11,"2","2","6","5","235/35R19ZR",NA
"52","https://www.car-info.com/en/model/porsche/911/911-997/3-8-carrera-4s-381-hp","Porsche","911 (997)","2005  ",3824,"Coupe",2350,"Injection ","4","A-98",NA,"Yes",NA,NA,4427,1808,1300,1300,1885,NA,260,348,260,NA,67,296,4.7,18.41,NA,12.41,"2","2","6","6","235/35R19ZR",NA
"53","https://www.car-info.com/en/model/porsche/911/911-997/3-8-carrera-4s-385-hp","Porsche","911 (997)","2008  ",3824,"Coupe",2350,"Injection ","4","A-98",NA,"Yes",NA,NA,4435,1852,1300,1300,1880,NA,282,378,282,NA,67,297,4.7,16.51,7.71,11100,"2","2","6","6","235/35R19ZR","8J"
"54","https://www.car-info.com/en/model/porsche/911/911-997/3-8-carrera-s-355-hp","Porsche","911 (997)","2005  ",3824,"Coupe",2350,"Injection ","4","A-98",NA,"Yes",NA,NA,4427,1808,1300,1300,1865,NA,260,348,260,NA,64,293,4.8,NA,NA,NA,"2","2","6","6","235/35R19ZR",NA
"55","https://www.car-info.com/en/model/porsche/911/911-997/3-8-carrera-s-355-hp-tiptronic","Porsche","911 (997)","2005  ",3824,"Coupe",2350,"Injection ","4","A-98",NA,"Yes",NA,NA,4427,1808,1300,1300,1865,NA,260,348,260,NA,64,285,5.3,NA,NA,NA,"2","2","6","5","235/35R19ZR",NA
"56","https://www.car-info.com/en/model/porsche/911/911-997/3-8-carrera-s-381-hp","Porsche","911 (997)","2006  ",3824,"Coupe",2350,"Injection ","4","A-98",NA,"Yes",NA,NA,4427,1808,1300,1300,1930,NA,260,348,260,NA,64,294,5.2,NA,NA,NA,"2","2","6","6","235/35R19ZR",NA
"57","https://www.car-info.com/en/model/porsche/911/911-997/3-6-carrera-gt2-530-hp","Porsche","911 (997)","2007  ",3600,"Coupe",2350,"Injection ","4","A-98",NA,"Yes",NA,NA,4427,1808,1300,1300,1900,NA,389,521,389,100,67,329,3.7,18.81,NA,12.51,"2","2","6","6","235/35R19ZR",NA
"58","https://www.car-info.com/en/model/porsche/911/911-997/3-6-carrera-gt3-415-hp","Porsche","911 (997)","2005  ",3600,"Coupe",2350,"Injection ","4","A-98",NA,"Yes",NA,NA,4427,1808,1300,1300,1900,NA,304,407,304,100,67,310,4.3,19.81,NA,12.11,"2","2","6","6","235/35R19ZR",NA
"59","https://www.car-info.com/en/model/porsche/911/911-997/3-8-carrera-gt3-435-hp","Porsche","911 (997)","2009  ",3797,"Coupe",2355,"Injection ","4","A-98",NA,"Yes",NA,NA,4465,1808,1280,1280,1680,NA,319,427,319,NA,67,312,4.1,19.81,NA,12.81,"2","2","6","6","235/35R19ZR",NA
"60","https://www.car-info.com/en/model/porsche/911/911-997/3-6-carrera-4-345-hp-pdk","Porsche","911 (997)","2010  ",3614,"Hatchback",2350,"Injection ",NA,"A-95",NA,"Yes",NA,NA,4427,1852,1310,NA,NA,NA,253,339,253,96,67,284,5,15.91,7.71,10.61,NA,NA,NA,NA,NA,NA
"61","https://www.car-info.com/en/model/porsche/911/911-997/3-6t-gt2-rs-620hp","Porsche","911 (997)","2011  ",3600,"Coupe",2355,"Injection ",NA,"A-95",NA,"Yes",NA,NA,4469,1852,1285,1285,1680,NA,455,610,455,100,90,330,3.5,17.91,8.71,11.91,NA,NA,NA,NA,"245/35",NA
"62","https://www.car-info.com/en/model/porsche/911/911-997/4-0-gt3-rs-500hp","Porsche","911 (997)","2011  ",3996,"Coupe",2355,"Injection ",NA,"A-98",NA,"Yes",NA,NA,4469,1852,1285,1285,1680,NA,367,492,367,NA,67,310,3.9,20.41,9.91,13.81,NA,NA,NA,NA,"245/35",NA
"63","https://www.car-info.com/en/model/porsche/911/911-996/3-4-carrera-300-hp-1","Porsche","911 (996)","1997  ",3387,"Coupe",2350,"Injection ","4","A-95",NA,"Yes",NA,NA,4430,1765,1305,1305,1720,NA,220,295,220,96,64,280,5.2,NA,NA,NA,"2","2","6","6","205/50-255/40",NA
"64","https://www.car-info.com/en/model/porsche/911/911-996/3-4-carrera-4-300-hp-1","Porsche","911 (996)","1999  ",3387,"Coupe",2350,"Injection ","4","A-95",NA,"Yes",NA,NA,4430,1765,1305,1305,1775,NA,220,295,220,96,64,280,5.2,17.41,8.81,NA,"2","2","6","6","205/50-255/40",NA
"65","https://www.car-info.com/en/model/porsche/911/911-996/3-4-turbo-4-480-hp","Porsche","911 (996)","1997  ",3600,"Coupe",2272,"Injection ","4","A-95",NA,"Yes",NA,NA,4245,1795,1285,1285,1840,NA,352,472,352,100,64,290,4.5,23.51,11.21,NA,"2","2","6","6","225/40-285/35",NA
"66","https://www.car-info.com/en/model/porsche/911/911-996/3-6-carrera-320-hp-2","Porsche","911 (996)","2000  ",3596,"Coupe",2350,"Injection ","4","A-95",NA,"Yes",NA,NA,4430,1500,1305,1305,1790,NA,235,315,235,96,64,285,5,16.11,8.11,11100,"2","2","6","6","205/50-255/40",NA
"67","https://www.car-info.com/en/model/porsche/911/911-996/3-6-carrera-4-320-hp-1","Porsche","911 (996)","2001  ",3596,"Coupe",2350,"Injection ","4","A-95",NA,"Yes",NA,NA,4430,1770,1305,1305,1850,NA,235,315,235,96,64,285,5,16.31,8.31,11.11,"2","2","6","6","205/50-255/40",NA
"68","https://www.car-info.com/en/model/porsche/911/911-996/3-6-carrera-4s-320-hp","Porsche","911 (996)","2001  ",3596,"Coupe",2350,"Injection ","4","A-95",NA,"Yes",NA,NA,4435,1830,1295,1295,1870,NA,235,315,235,96,64,280,5.1,16.31,8.51,NA,"2","2","6","6","225/40-295/30",NA
"69","https://www.car-info.com/en/model/porsche/911/911-996/3-6-gt-360-hp","Porsche","911 (996)","1999  ",3600,"Coupe",2350,"Injection ","4","A-95",NA,"Yes",NA,NA,4430,1765,1270,1270,1630,NA,264,354,264,100,89,302,4.8,20.11,8.91,NA,"2","2","6","6","225/40-285/30",NA
"70","https://www.car-info.com/en/model/porsche/911/911-996/3-6-gt2-462-hp","Porsche","911 (996)","2000  ",3600,"Coupe",2355,"Injection ","4","A-95",NA,"Yes",NA,NA,4446,1830,1275,1275,1720,NA,339,454,339,100,89,315,4.1,18.91,9.31,12.81,"2","2","6","6","235/40-315/30",NA
"71","https://www.car-info.com/en/model/porsche/911/911-996/3-6-gt3-381-hp","Porsche","911 (996)","2003  ",3600,"Coupe",2355,"Injection ","4","A-95",NA,"Yes",NA,NA,4435,1770,1275,1275,1660,NA,279,374,279,NA,89,306,4.5,20.31,8.81,NA,"2","2","6","6","235/40-295/30",NA
"72","https://www.car-info.com/en/model/porsche/911/911-996/3-6-turbo-4-420-hp","Porsche","911 (996)","2000  ",3600,"Coupe",2350,"Injection ","4","A-95",NA,"Yes",NA,NA,4435,1830,1295,1295,1885,NA,308,413,308,100,64,305,4.2,18.91,9.21,NA,"2","2","6","6","225/40-295/30",NA
"73","https://www.car-info.com/en/model/porsche/911/911-993/3-6-carrera-272-hp-1","Porsche","911 (993)","1993  ",3600,"Coupe",2272,"Injection ","2","A-95",NA,"Yes",NA,NA,4245,1735,1300,1300,1710,NA,199,267,199,100,74,270,5.6,NA,NA,11.51,"2","2","6","6","205/55-245/45",NA
"74","https://www.car-info.com/en/model/porsche/911/911-993/3-6-carrera-285-hp","Porsche","911 (993)","1995  ",3600,"Coupe",2272,"Injection ","2","A-95",NA,"Yes",NA,NA,4245,1735,1300,1300,1710,NA,209,280,209,100,74,275,5.4,NA,NA,11.21,"2","2","6","6","205/55-245/45",NA
"75","https://www.car-info.com/en/model/porsche/911/911-993/3-6-carrera-4-272-hp","Porsche","911 (993)","1994  ",3600,"Coupe",2272,"Injection ","2","A-95",NA,"Yes",NA,NA,4245,1735,1300,1300,1760,NA,199,267,199,100,74,270,5.5,NA,NA,11.41,"2","2","6","6","205/55-245/45",NA
"76","https://www.car-info.com/en/model/porsche/911/911-993/3-6-carrera-4-286-hp-1","Porsche","911 (993)","1995  ",3600,"Coupe",2272,"Injection ","2","A-95",NA,"Yes",NA,NA,4245,1735,1300,1300,1760,NA,209,280,209,100,74,275,5.3,NA,NA,11.21,"2","2","6","6","205/55-245/45",NA
"77","https://www.car-info.com/en/model/porsche/911/911-993/3-6-turbo-4-408-hp","Porsche","911 (993)","1995  ",3600,"Coupe",2272,"Injection ","2","A-95",NA,"Yes",NA,NA,4245,1795,1285,1285,1840,NA,299,401,299,100,74,290,4.5,NA,NA,13.21,"2","2","6","6","225/40-285/30",NA
"78","https://www.car-info.com/en/model/porsche/911/911-993/3-6-turbo-gt2-430-hp","Porsche","911 (993)","1995  ",3600,"Coupe",2272,"Injection ","2","A-95",NA,"Yes",NA,NA,4245,1855,1270,1270,1840,NA,315,422,315,100,92,295,4.4,NA,NA,NA,"2","2","6","6","235/40-285/35",NA
"79","https://www.car-info.com/en/model/porsche/911/911-993/3-8-carrera-4-286-hp","Porsche","911 (993)","1995  ",3600,"Coupe",2275,"Injection ","2","A-95",NA,"Yes",NA,NA,4245,1735,1300,1300,1760,NA,209,280,209,100,74,275,5.3,NA,NA,11.31,"2","2","6","6","205/55-245/45",NA
"80","https://www.car-info.com/en/model/porsche/911/911-993/3-8-carrera-rs-300-hp","Porsche","911 (993)","1995  ",3746,"Coupe",2284,"Injection ","2","A-95",NA,"Yes",NA,NA,4245,1735,1270,1270,1480,NA,220,295,220,102,92,277,5,NA,NA,12.41,"2","2","6","6","225/40-295/35",NA
"81","https://www.car-info.com/en/model/porsche/911/911-991/3-4-carrera-4-350hp","Porsche","911 (991)","2011  ",3387,"Coupe",2450,"Injection ",NA,"A-95",NA,"Yes",NA,NA,4491,1808,1295,1295,1845,NA,257,344,257,97,64,285,4.9,13.21,7.11,9.31,NA,NA,NA,NA,"235/40",NA
"82","https://www.car-info.com/en/model/porsche/911/911-991/3-8-carrera-s-400-hp","Porsche","911 (991)","2011  ",3800,"Coupe",2450,"Injection ",NA,"A-98",NA,NA,NA,NA,4491,1808,1295,1295,1808,NA,293,393,293,102,64,304,4.5,13.81,7.11,9.51,NA,NA,NA,NA,"245/35",NA
"83","https://www.car-info.com/en/model/porsche/911/911-964/3-3-turbo-320-hp","Porsche","911 (964)","1990  ",3299,"Coupe",2270,"Injection ","2","A-95",NA,"Yes",NA,NA,4250,1775,1310,1310,1810,NA,235,315,235,97,77,270,5,21100,8.51,10.41,"2","2","6","5","205/50",NA
"84","https://www.car-info.com/en/model/porsche/911/911-964/3-6-carrera-250-hp-1","Porsche","911 (964)","1989  ",3600,"Coupe",2270,"Injection ","2","A-95",NA,"Yes",NA,NA,4250,1650,1310,1310,NA,NA,183,245,183,100,77,260,5.7,17.11,7.81,9.71,"2","2","6","5","205/50",NA
"85","https://www.car-info.com/en/model/porsche/911/911-964/3-6-carrera-4-250-hp-1","Porsche","911 (964)","1988  ",3600,"Coupe",2270,"Injection ","2","A-95",NA,"Yes",NA,NA,4250,1650,1310,1310,1790,NA,183,245,183,100,77,260,5.7,17.91,8100,9.51,"2","2","6","5","205/50",NA
"86","https://www.car-info.com/en/model/porsche/911/911-964/3-6-carrera-rs-260-hp","Porsche","911 (964)","1991  ",3600,"Coupe",2270,"Injection ","2","A-95",NA,"Yes",NA,NA,4250,1650,1310,1310,NA,NA,191,256,191,100,77,260,5.4,NA,NA,NA,"2","2","6","5","205/50",NA
"87","https://www.car-info.com/en/model/porsche/911/911-964/3-6-turbo-360-hp","Porsche","911 (964)","1993  ",3600,"Coupe",2270,"Injection ","2","A-95",NA,"Yes",NA,NA,4275,1775,1290,1290,1810,NA,264,354,264,100,77,280,4.8,21.31,8.31,10.31,"2","2","6","5","225/40","8JX18"
"88","https://www.car-info.com/en/model/porsche/918/918/spyder-4-6hyb-at-608-hp-4wd","Porsche","918","2013  ",4593,"Roadster",2730,"Injection ",NA,"-",NA,NA,NA,NA,4643,1940,1167,1167,1900,NA,446,598,446,NA,NA,343,2.8,NA,NA,3.31,"2","2","8","7","265/35","9.5J"
"89","https://www.car-info.com/en/model/porsche/928/928/5-4-gts-350-hp","Porsche","928","1991  ",5397,"Coupe",2500,"Injection ","4","A-98",NA,"Yes",NA,NA,4520,1890,1280,1280,1960,NA,257,344,257,100,86,275,5.7,20.81,9.81,12100,"2","2","8","5","255/40",NA
"90","https://www.car-info.com/en/model/porsche/928/928/4-4i-v8-241hp","Porsche","928","1977  ",4506,"Coupe",2500,"Injection ",NA,"-",NA,NA,NA,NA,4520,1890,1275,NA,NA,NA,177,237,177,NA,NA,NA,NA,NA,NA,NA,NA,NA,NA,NA,NA,NA
"91","https://www.car-info.com/en/model/porsche/928/928/gt-5-0i-v8-330hp","Porsche","928","1989  ",4949,"Coupe",2500,"Injection ",NA,"-",NA,NA,NA,NA,4520,1890,1275,NA,NA,NA,242,324,242,NA,NA,NA,NA,NA,NA,NA,NA,NA,NA,NA,NA,NA
"92","https://www.car-info.com/en/model/porsche/928/928/s-4-6i-v8-301hp","Porsche","928","1979  ",4700,"Coupe",2500,"Injection ",NA,"-",NA,NA,NA,NA,4520,1890,1275,NA,NA,NA,221,296,221,NA,NA,NA,NA,NA,NA,NA,NA,NA,NA,NA,NA,NA
"93","https://www.car-info.com/en/model/porsche/928/928/s-4-6i-v8-310hp","Porsche","928","1983  ",4700,"Coupe",2500,"Injection ",NA,"-",NA,NA,NA,NA,4520,1890,1275,NA,NA,NA,227,304,227,NA,NA,NA,NA,NA,NA,NA,NA,NA,NA,NA,NA,NA
"94","https://www.car-info.com/en/model/porsche/928/928/s-4-9i-v8-288hp","Porsche","928","1985  ",4949,"Coupe",2500,"Injection ",NA,"-",NA,NA,NA,NA,4520,1890,1275,NA,NA,NA,211,283,211,NA,NA,NA,NA,NA,NA,NA,NA,NA,NA,NA,NA,NA
"95","https://www.car-info.com/en/model/porsche/928/928/s-4-9i-v8-320hp","Porsche","928","1986  ",4949,"Coupe",2500,"Injection ",NA,"-",NA,NA,NA,NA,4520,1890,1275,NA,NA,NA,235,315,235,NA,NA,NA,NA,NA,NA,NA,NA,NA,NA,NA,NA,NA
"96","https://www.car-info.com/en/model/porsche/928/928/s4-4-9i-v8-320hp","Porsche","928","1986  ",4949,"Coupe",2500,"Injection ",NA,"-",NA,NA,NA,NA,4520,1890,1275,NA,NA,NA,235,315,235,NA,NA,NA,NA,NA,NA,NA,NA,NA,NA,NA,NA,NA
"97","https://www.car-info.com/en/model/porsche/928/928/s4-5-0i-v8-320hp","Porsche","928","1986  ",4949,"Coupe",2500,"Injection ",NA,"-",NA,NA,NA,NA,4520,1890,1275,NA,NA,NA,235,315,235,NA,NA,NA,NA,NA,NA,NA,NA,NA,NA,NA,NA,NA
"98","https://www.car-info.com/en/model/porsche/959/959/2-8-444-hp","Porsche","959","1986  ",0,"Coupe",2272,NA,NA,"-",NA,NA,NA,NA,4260,1840,1280,NA,NA,NA,NA,NA,NA,NA,NA,NA,3.7,NA,NA,NA,NA,NA,NA,NA,NA,NA
"99","https://www.car-info.com/en/model/porsche/968/968-cabrio/3-0-i-16v-240-hp","Porsche","968 Cabrio","1991  ",2990,"Coupe",2400,"Injection ","4","A-95",NA,"Yes",NA,NA,4320,1735,1275,1275,1790,NA,176,236,176,104,74,252,6.5,14.81,7.11,8.81,"2","2","4","6","235/40",NA
"100","https://www.car-info.com/en/model/porsche/968/968/3-0-i-16v-240-hp-1","Porsche","968","1991  ",2990,"Cabrio",2400,"Injection ","4","A-95",NA,"Yes",NA,NA,4320,1735,1275,1275,NA,NA,176,236,176,104,74,252,6.5,14.81,7.21,8.81,"2","2","4","6","265/35",NA
"101","https://www.car-info.com/en/model/porsche/968/968/3-0-i-16v-turbo-s-305-hp","Porsche","968","1993  ",2990,"Coupe",2400,"Injection ","4","A-95",NA,"Yes",NA,NA,4320,1735,1275,1275,1730,NA,224,300,224,104,74,280,5,NA,NA,NA,"2","2","4","6","265/35",NA
"102","https://www.car-info.com/en/model/porsche/968/968m/1-2l-v4-42hp","Porsche","968M","1979  ",1197,"Hatchback",2160,"Carburetor ",NA,"A-80",NA,NA,NA,NA,3765,1490,1425,1425,1200,NA,31,42,31,76,40,120,32,9.51,6.51,NA,NA,NA,NA,NA,"155/70","4J"
"103","https://www.car-info.com/en/model/porsche/boxster/boxster-iii-981/2-7-at-265-hp","Porsche","Boxster III (981)","2012  ",2706,"Roadster",2475,"Injection ","4","A-98","EURO V",NA,NA,NA,4374,1801,1282,1282,1675,280,194,260,194,NA,64,262,5.7,10.61,5.91,7.71,"2","2","6","7","205/55",NA
"104","https://www.car-info.com/en/model/porsche/boxster/boxster-iii-981/2-7-mt-265-hp","Porsche","Boxster III (981)","2012  ",2706,"Roadster",2475,"Injection ","4","A-98","EURO V",NA,NA,NA,4374,1801,1282,1282,1645,280,194,260,194,NA,64,264,5.8,11.41,6.31,8.21,"2","2","6","6","205/55",NA
"105","https://www.car-info.com/en/model/porsche/boxster/boxster-iii-981/s-3-4-at-315-hp","Porsche","Boxster III (981)","2012  ",3436,"Roadster",2475,"Injection ","4","A-95","EURO V",NA,NA,NA,4374,1801,1281,1281,1685,280,231,310,231,NA,64,277,5,11.21,6.21,8100,"2","2","6","7","235/40",NA
"106","https://www.car-info.com/en/model/porsche/boxster/boxster-iii-981/s-3-4-mt-315-hp","Porsche","Boxster III (981)","2012  ",3436,"Roadster",2475,"Injection ","4","A-95","EURO V",NA,NA,NA,4374,1801,1281,1281,1655,280,231,310,231,NA,64,279,5.1,12.21,6.91,8.81,"2","2","6","6","235/40",NA
"107","https://www.car-info.com/en/model/porsche/boxster/boxster-987/2-7i-boxter-at-239-hp","Porsche","Boxster (987)","2004  ",2687,"-",2415,"Injection ","4","A-98",NA,"Yes",NA,NA,4329,1801,1295,1295,1665,NA,175,235,175,NA,64,250,7.1,15.21,7.71,10.41,"2","2","6","5","205/55",NA
"108","https://www.car-info.com/en/model/porsche/boxster/boxster-987/2-7i-boxter-mt-239-hp","Porsche","Boxster (987)","2004  ",2687,"Coupe",2415,"Injection ","4","A-98",NA,"Yes",NA,NA,4329,1801,1295,1295,1610,NA,175,235,175,NA,64,256,6.2,13.91,6.91,9.61,"2","2","6","5","205/55",NA
"109","https://www.car-info.com/en/model/porsche/boxster/boxster-987/3-2-boxter-s-at-280-hp","Porsche","Boxster (987)","2004  ",3179,"Coupe",2415,"Injection ","4","A-98",NA,"Yes",NA,NA,4329,1801,1295,1295,1670,NA,205,275,205,NA,64,260,6.3,16.31,7.91,11100,"2","2","6","5","205/55",NA
"110","https://www.car-info.com/en/model/porsche/boxster/boxster-987/3-2-boxter-s-mt-280-hp","Porsche","Boxster (987)","2004  ",3179,"Coupe",2415,"Injection ","4","A-98",NA,"Yes",NA,NA,4329,1801,1295,1295,1630,NA,205,275,205,NA,64,268,5.5,15.21,7.71,10.41,"2","2","6","6","205/55",NA
"111","https://www.car-info.com/en/model/porsche/boxster/boxster-987/3-4-boxter-s-at-295-hp","Porsche","Boxster (987)","2006  ",3387,"Coupe",2415,"Injection ","4","A-95",NA,"Yes",NA,NA,4329,1801,1295,1295,1670,NA,216,289,216,96,64,264,6.1,16.31,7.91,11100,"2","2","6","5","235/40",NA
"112","https://www.car-info.com/en/model/porsche/boxster/boxster-987/3-4-boxter-s-mt-295-hp","Porsche","Boxster (987)","2006  ",3387,"Coupe",2415,"Injection ","4","A-95",NA,"Yes",NA,NA,4329,1801,1295,1295,1630,NA,216,289,216,96,64,272,5.4,15.31,7.81,10.61,"2","2","6","6","235/40",NA
"113","https://www.car-info.com/en/model/porsche/boxster/boxster-987/2-9i-255hp","Porsche","Boxster (987)","2009  ",2893,"Coupe",2415,"Injection ",NA,"A-98",NA,"Yes",NA,NA,4329,1801,1295,1295,1640,NA,187,251,187,NA,64,263,5.9,15.21,7.71,10.41,NA,NA,NA,NA,"205/55",NA
"114","https://www.car-info.com/en/model/porsche/boxster/boxster-987/spyder-3-4i-320hp","Porsche","Boxster (987)","2009  ",3436,"Coupe",2415,"Injection ",NA,"A-95",NA,"Yes",NA,NA,4329,1801,1295,1295,1630,NA,235,315,235,NA,64,267,5.1,NA,NA,NA,NA,NA,NA,NA,"235/40",NA
"115","https://www.car-info.com/en/model/porsche/boxster/boxster-986/2-5-boxer-24v-204-hp","Porsche","Boxster (986)","1996  ",2480,"Coupe",2415,"Injection ","4","A-98",NA,"Yes",NA,NA,4315,1780,1290,1290,1560,NA,150,201,150,855,57,240,6.9,14.31,7.11,NA,"2","2","6","5","225/50",NA
"116","https://www.car-info.com/en/model/porsche/boxster/boxster-986/2-7-boxer-24v-220-hp","Porsche","Boxster (986)","1996  ",2687,"Cabrio",2415,"Injection ","4","A-98",NA,"Yes",NA,NA,4315,1780,1290,1290,1570,NA,161,216,161,855,64,250,6.6,13.41,7.41,9.91,"2","2","6","5","205/55",NA
"117","https://www.car-info.com/en/model/porsche/boxster/boxster-986/2-7-boxter-24v-228-hp","Porsche","Boxster (986)","2002  ",2687,"Cabrio",2415,"Injection ","4","A-98",NA,"Yes",NA,NA,4320,1780,1290,1290,1600,NA,167,224,167,855,64,253,6.4,14.21,7.11,9.71,"2","2","6","5","205/55-225/50",NA
"118","https://www.car-info.com/en/model/porsche/boxster/boxster-986/3-2-boxer-s-24v-252-hp","Porsche","Boxster (986)","1996  ",3179,"Cabrio",2415,"Injection ","4","A-98",NA,"Yes",NA,NA,4315,1780,1290,1290,1615,NA,185,248,185,93,64,260,5.9,15.61,7.81,10.71,"2","2","6","6","205/50",NA
"119","https://www.car-info.com/en/model/porsche/boxster/boxster-986/3-2-boxter-s-24v-260-hp","Porsche","Boxster (986)","2002  ",3179,"Cabrio",2415,"Injection ","4","A-98",NA,"Yes",NA,NA,4320,1780,1290,1290,1630,NA,191,256,191,93,64,264,5.7,15.31,7.81,NA,"2","2","6","6","205/55-225/40",NA
"120","https://www.car-info.com/en/model/porsche/cayenne/cayenne-ii-facelift-958/diesel-3-0d-at-211-hp-4wd","Porsche","Cayenne II Facelift (958)","2014  ",2967,"SUV",2895,"Common rail ","4","Diesel","Euro 5",NA,NA,NA,4855,1939,1705,1705,2870,1780,155,208,155,NA,85,209,8.5,NA,NA,NA,"5","5","6","8","255/55","8Jx18"
"121","https://www.car-info.com/en/model/porsche/cayenne/cayenne-ii-facelift-958/diesel-3-0d-at-245-hp-4wd","Porsche","Cayenne II Facelift (958)","2014  ",2967,"SUV",2895,"Common rail ",NA,"Diesel","Euro 5",NA,NA,NA,4855,1939,1705,1705,2860,1780,180,241,180,NA,98,218,7.8,NA,NA,NA,"5","5","6","8","255/55","8Jx18"
"122","https://www.car-info.com/en/model/porsche/cayenne/cayenne-ii-facelift-958/diesel-3-0d-at-262-hp-4wd","Porsche","Cayenne II Facelift (958)","2014  ",2967,"SUV",2895,"Common rail ","4","Diesel","Euro 5",NA,NA,NA,4855,1939,1705,1705,2870,1780,192,257,192,NA,85,221,7.3,NA,NA,NA,"5","5","6","8","255/55","8Jx18"
"123","https://www.car-info.com/en/model/porsche/cayenne/cayenne-ii-facelift-958/s-e-hybrid-3-0hyb-at-333-hp-4wd","Porsche","Cayenne II Facelift (958)","2014  ",2995,"SUV",2895,"Injection ","4","A-95",NA,NA,NA,NA,4855,1939,1705,1705,3050,1780,244,327,244,NA,80,243,5.9,NA,NA,NA,"5","5","6","8","255/55","8Jx18"
"124","https://www.car-info.com/en/model/porsche/cayenne/cayenne-ii-facelift-958/s-3-6-at-420-hp-4wd","Porsche","Cayenne II Facelift (958)","2014  ",3604,"SUV",2895,"Injection ","4","A-95",NA,NA,NA,NA,4846,1939,1705,1705,2860,1780,308,413,308,NA,85,259,5.5,13100,8100,NA,"5","5","6","8","255/55","8Jx18"
"125","https://www.car-info.com/en/model/porsche/cayenne/cayenne-ii-facelift-958/gts-3-6-at-440-hp-4wd","Porsche","Cayenne II Facelift (958)","2014  ",3604,"SUV",2895,"Injection ","4","A-95",NA,NA,NA,NA,4846,1939,1705,1705,2865,1780,323,433,323,NA,85,262,5.2,NA,NA,10100,"5","5","6","8","255/55","8Jx18"
"126","https://www.car-info.com/en/model/porsche/cayenne/cayenne-ii-facelift-958/s-diesel-4-1d-at-385-hp-4wd","Porsche","Cayenne II Facelift (958)","2014  ",4134,"SUV",2895,"Common rail ","4","Diesel",NA,NA,NA,NA,4855,1939,1699,1699,2955,1780,282,378,282,NA,85,252,5.4,10100,7100,8100,"5","5","8","8",NA,NA
"127","https://www.car-info.com/en/model/porsche/cayenne/cayenne-ii-facelift-958/turbo-4-8-at-520-hp-4wd","Porsche","Cayenne II Facelift (958)","2014  ",4806,"SUV",2895,"Injection ","4","A-98",NA,NA,NA,NA,4855,1939,1702,1702,2895,1780,381,511,381,NA,100,279,4.5,NA,NA,NA,"5","5","8","8","265/50","8.5Jx19"
"128","https://www.car-info.com/en/model/porsche/cayenne/cayenne-ii/3-0s-hybrid-333hp-47hp","Porsche","Cayenne II","2010  ",2995,"Cabrio",2895,"Injection ","4","A-95",NA,NA,NA,NA,4846,2155,1705,1705,2910,NA,244,327,244,NA,100,242,6.5,8.71,7.91,8.21,"4","5","6","8","255/55","8Jx18"
"129","https://www.car-info.com/en/model/porsche/cayenne/cayenne-ii/3-0td-240hp","Porsche","Cayenne II","2010  ",2967,"Wagon",2895,"Common rail ",NA,"Diesel",NA,NA,NA,NA,4846,2155,1705,1705,2860,NA,176,236,176,NA,98,218,7.8,8.71,6.61,7.41,"4","5","6","8","255/55","8Jx18"
"130","https://www.car-info.com/en/model/porsche/cayenne/cayenne-ii/3-6i-v6-300hp","Porsche","Cayenne II","2010  ",3598,"Wagon",2895,"Injection ",NA,"A-95",NA,NA,NA,NA,4846,2155,1705,1705,2765,NA,220,295,220,NA,100,230,7.5,15.91,8.41,11.21,"4","5","6","6","255/55","8Jx18"
"131","https://www.car-info.com/en/model/porsche/cayenne/cayenne-ii/4-8s-v8-400hp","Porsche","Cayenne II","2010  ",4806,"Wagon",2895,"Injection ","4","A-98",NA,NA,NA,NA,4846,2155,1705,1705,2840,NA,293,393,293,NA,100,258,5.9,14.51,8.21,10.51,"4","5","8","8","255/55","8Jx18"
"132","https://www.car-info.com/en/model/porsche/cayenne/cayenne-ii/4-8t-v8-500hp","Porsche","Cayenne II","2010  ",4806,"Wagon",2895,"Injection ","4","A-98",NA,NA,NA,NA,4846,2155,1702,1702,2880,NA,367,492,367,NA,115,278,4.7,16.21,8.81,11.51,"4","5","8","8","265/50","8.5Jx19"
"133","https://www.car-info.com/en/model/porsche/cayenne/cayenne-ii/gts-4-8i-420hp","Porsche","Cayenne II","2010  ",4806,"Coupe",2895,"Injection ",NA,"A-98",NA,NA,NA,NA,4846,1939,1705,1705,2840,NA,308,413,308,96,85,261,5.7,14.81,8.51,10.71,NA,NA,NA,NA,"275/45",NA
"134","https://www.car-info.com/en/model/porsche/cayenne/cayenne-ii/turbo-s-4-8i-v8-550hp","Porsche","Cayenne II","2010  ",4806,"SUV",2895,"Injection ",NA,"A-98",NA,NA,NA,NA,4846,2155,1702,1702,2880,NA,403,540,403,NA,85,283,4.5,15.81,8.41,11.51,NA,NA,NA,NA,"295/35",NA
"135","https://www.car-info.com/en/model/porsche/cayenne/cayenne-955-facelift/3-0-diesel-240-hp-tiptronic-dpf","Porsche","Cayenne (955) Facelift ","2009  ",2967,"Wagon",2855,"Common rail ",NA,"Diesel",NA,"Yes",NA,NA,4798,1928,1699,1699,3015,NA,176,236,176,NA,100,214,8.3,11.61,7.91,9.31,"5","5","6","6","235/65R17",NA
"136","https://www.car-info.com/en/model/porsche/cayenne/cayenne-955-facelift/3-6-290-hp","Porsche","Cayenne (955) Facelift ","2007  ",3598,"SUV",2855,"Injection ","4","A-98",NA,"Yes",NA,NA,4798,1928,1699,1699,2945,NA,213,285,213,NA,100,227,8.1,18.51,9.71,12.91,"5","5","6","6","235/65",NA
"137","https://www.car-info.com/en/model/porsche/cayenne/cayenne-955-facelift/3-6-290-hp-tiptronic","Porsche","Cayenne (955) Facelift ","2007  ",3598,"SUV",2855,"Injection ","4","A-98",NA,"Yes",NA,NA,4798,1928,1699,1699,2945,NA,213,285,213,NA,100,227,8.5,18.31,9.81,12.91,"5","5","6","6","235/65",NA
"138","https://www.car-info.com/en/model/porsche/cayenne/cayenne-955-facelift/4-8-gts-405-hp","Porsche","Cayenne (955) Facelift ","2007  ",4806,"SUV",2855,"Injection ","4","A-98",NA,"Yes",NA,NA,4795,1957,1675,1675,3080,NA,297,398,297,NA,100,253,6.1,22.61,10.91,15.11,"5","5","8","6","295/35R21V",NA
"139","https://www.car-info.com/en/model/porsche/cayenne/cayenne-955-facelift/4-8-gts-405-hp-tiptronic","Porsche","Cayenne (955) Facelift ","2007  ",4806,"SUV",2855,"Injection ","4","A-98",NA,"Yes",NA,NA,4795,1957,1675,1675,3080,NA,297,398,297,NA,100,251,6.5,20.61,10.21,13.91,"5","5","8","6","295/35R21V",NA
"140","https://www.car-info.com/en/model/porsche/cayenne/cayenne-955-facelift/4-8-s-385-hp","Porsche","Cayenne (955) Facelift ","2007  ",4806,"SUV",2855,"Injection ","4","A-98",NA,"Yes",NA,NA,4798,1928,1699,1699,3080,NA,282,378,282,NA,100,252,6.6,22.11,10.71,14.91,"5","5","8","6","255/55","8J"
"141","https://www.car-info.com/en/model/porsche/cayenne/cayenne-955-facelift/4-8-s-385-hp-tiptronic","Porsche","Cayenne (955) Facelift ","2007  ",4806,"SUV",2855,"Injection ","4","A-98",NA,"Yes",NA,NA,4798,1928,1699,1699,3080,NA,282,378,282,NA,100,250,6.8,20.31,9.91,13.71,"5","5","8","6","255/55","8J"
"142","https://www.car-info.com/en/model/porsche/cayenne/cayenne-955-facelift/4-8-turbo-500-hp-tiptronic","Porsche","Cayenne (955) Facelift ","2007  ",4806,"SUV",2855,"Injection ","4","A-98",NA,"Yes",NA,NA,4795,1957,1675,1675,3080,NA,367,492,367,NA,100,275,5.1,22.51,10.51,14.91,"5","5","8","6","255/55","8J"
"143","https://www.car-info.com/en/model/porsche/cayenne/cayenne-955-facelift/4-8-turbo-s-550-hp-tiptronic","Porsche","Cayenne (955) Facelift ","2007  ",4806,"SUV",2855,"Injection ","4","A-98",NA,"Yes",NA,NA,4795,1957,1675,1675,3080,NA,403,540,403,NA,100,280,4.8,NA,NA,14.91,"5","5","8","6","295/35R21V",NA
"144","https://www.car-info.com/en/model/porsche/cayenne/cayenne-955/3-2-i-250","Porsche","Cayenne (955)","2003  ",3189,"SUV",2855,"Injection ","4","A-98",NA,"Yes",NA,NA,4782,1928,1699,1699,2945,NA,183,245,183,NA,100,214,9.1,17.81,10.61,NA,"5","5","6","6","255/55","8J"
"145","https://www.car-info.com/en/model/porsche/cayenne/cayenne-955/3-2-i-250-tiptronic-s","Porsche","Cayenne (955)","2003  ",3189,"SUV",2855,"Injection ","4","A-98",NA,"Yes",NA,NA,4782,1928,1699,1699,2945,NA,183,245,183,NA,100,214,9.7,18.41,10.71,13.51,"5","5","6","6","235/65",NA
"146","https://www.car-info.com/en/model/porsche/cayenne/cayenne-955/4-5-s-340-hp","Porsche","Cayenne (955)","2002  ",4511,"SUV",2855,"Injection ","4","A-98",NA,"Yes",NA,NA,4782,1928,1699,1699,3080,NA,249,334,249,93,100,242,6.8,22.81,11.81,15.81,"5","5","8","6","255/55","8J"
"147","https://www.car-info.com/en/model/porsche/cayenne/cayenne-955/4-5-s-340-hp-tiptronic","Porsche","Cayenne (955)","2002  ",4511,"SUV",2855,"Injection ","4","A-98",NA,"Yes",NA,NA,4782,1928,1699,1699,3080,NA,249,334,249,93,100,242,7.2,20.91,11.21,14.91,"5","5","8","6","255/55","8J"
"148","https://www.car-info.com/en/model/porsche/cayenne/cayenne-955/4-5-turbo-450-hp","Porsche","Cayenne (955)","2002  ",4511,"SUV",2855,"Injection ","4","A-98",NA,"Yes",NA,NA,4782,1928,1699,1699,3080,NA,330,442,330,93,100,266,5.6,21.91,11.91,15.71,"5","5","8","6","255/55","8J"
"149","https://www.car-info.com/en/model/porsche/cayenne/cayenne-955/4-5-turbo-s-521","Porsche","Cayenne (955)","2005  ",4511,"SUV",2855,"Injection ","4","A-98",NA,"Yes",NA,NA,4786,1928,1699,1699,3080,NA,382,512,382,NA,100,270,5.2,21.91,11.91,15.71,"5","5","8","6","255/55","8J"
"150","https://www.car-info.com/en/model/porsche/cayman/cayman-ii/2-7-at-275-hp","Porsche","Cayman II","2012  ",2706,"Coupe",2475,"Injection ","4","A-95","EURO V",NA,NA,NA,4380,1801,1294,1294,1675,275,202,271,202,NA,64,264,5.6,13.61,6.51,9.11,"2","2","6","7","235/45",NA
"151","https://www.car-info.com/en/model/porsche/cayman/cayman-ii/2-7-mt-275-hp","Porsche","Cayman II","2012  ",2706,"Coupe",2475,"Injection ","4","A-95","EURO V",NA,NA,NA,4380,1801,1294,1294,1645,275,202,271,202,NA,64,266,5.7,13.81,6.91,9.41,"2","2","6","6","235/45",NA
"152","https://www.car-info.com/en/model/porsche/cayman/cayman-ii/s-3-4-at-325-hp","Porsche","Cayman II","2012  ",3436,"Coupe",2475,"Injection ","4","A-95","EURO V",NA,NA,NA,4380,1801,1294,1294,1685,275,238,319,238,NA,64,281,4.9,11.21,6.21,8100,"2","2","6","7","235/40",NA
"153","https://www.car-info.com/en/model/porsche/cayman/cayman-ii/s-3-4-mt-325-hp","Porsche","Cayman II","2012  ",3436,"Coupe",2475,"Injection ","4","A-95","EURO V",NA,NA,NA,4380,1801,1294,1294,1655,275,238,319,238,NA,64,283,5,12.21,6.91,8.81,"2","2","6","6","235/40",NA
"154","https://www.car-info.com/en/model/porsche/cayman/cayman/3-4-cayman-s-295-hp","Porsche","Cayman","2005  ",3387,"Cabrio",2415,"Injection ","4","A-95",NA,"Yes",NA,NA,4341,1801,1305,1305,1630,NA,216,289,216,NA,64,275,5.4,15.31,7.81,NA,NA,NA,"6","6",NA,NA
"155","https://www.car-info.com/en/model/porsche/cayman/cayman/2-7i-h6-245hp","Porsche","Cayman","2006  ",2687,"Cabrio",2415,"Injection ",NA,"A-98",NA,"Yes",NA,NA,4341,1801,1305,1305,1630,NA,180,241,180,NA,64,275,NA,NA,NA,NA,NA,NA,NA,NA,NA,NA
"156","https://www.car-info.com/en/model/porsche/cayman/cayman/2-9i-265hp","Porsche","Cayman","2009  ",2893,"Coupe",2415,"Injection ",NA,"A-98",NA,"Yes",NA,NA,4347,1801,1304,1304,1635,NA,194,260,194,89,65,265,5.8,13.81,6.91,9.41,NA,NA,NA,NA,"205/55",NA
"157","https://www.car-info.com/en/model/porsche/cayman/cayman/3-4-cayman-r-330hp","Porsche","Cayman","2009  ",3436,"Coupe",2415,"Injection ",NA,"A-98",NA,"Yes",NA,NA,4347,1801,1304,1304,1590,NA,242,324,242,NA,65,282,5,14.21,7.11,9.71,NA,NA,NA,NA,"235/40",NA
"158","https://www.car-info.com/en/model/porsche/carrera-gt/carrera-gt/5-7-i-v10-40v-612-hp","Porsche","Carrera GT","2003  ",5733,"Cabrio",2730,"Injection ","4","A-98",NA,"Yes",NA,NA,4613,1921,1166,1166,1600,NA,449,602,449,98,92,330,3.9,28.31,11.71,NA,"2","2","10","6","265/35","9,5"
"159","https://www.car-info.com/en/model/porsche/macan/macan/s-3-0-at-340-hp-4wd","Porsche","Macan","2013  ",2997,"SUV",2807,"Injection ","4","A-98",NA,NA,NA,NA,4681,1923,1624,1624,2550,1500,249,334,249,NA,NA,254,5.4,11.61,7.61,9100,"5","5","6","7",NA,NA
"160","https://www.car-info.com/en/model/porsche/macan/macan/turbo-3-0-at-400-hp-4wd","Porsche","Macan","2013  ",2997,"SUV",2807,"Injection ","4","A-98",NA,NA,NA,NA,4681,1923,1624,1624,2550,1500,293,393,293,NA,NA,266,4.8,11.81,7.81,9.21,"5","5","6","7",NA,NA
"161","https://www.car-info.com/en/model/porsche/macan/macan/s-diesel-3-0d-at-258-hp-4wd","Porsche","Macan","2013  ",2967,"SUV",2807,"Common rail ","4","Diesel",NA,NA,NA,NA,4681,1923,1624,1624,2575,1500,189,253,189,NA,NA,230,6.3,6.91,5.91,6.31,"5","5","6","7",NA,NA
"162","https://www.car-info.com/en/model/porsche/macan/macan/2-0-at-237-hp-4wd","Porsche","Macan","2014  ",1984,"SUV",2807,"Injection ","4","A-95","Euro 6",NA,NA,NA,4681,1923,1624,1624,2445,500,174,233,174,NA,75,223,6.9,NA,NA,NA,"5","5","4","7","235/60/R18",NA
"163","https://www.car-info.com/en/model/porsche/macan/macan/gts-3-0-at-360-hp-4wd","Porsche","Macan","2015  ",2997,"SUV",2807,"Injection ","4","A-98","Euro 6",NA,NA,NA,4681,1923,1624,1624,2550,500,264,354,264,NA,75,256,5.2,NA,NA,NA,"5","5","6","7","235/60/R18",NA
"164","https://www.car-info.com/en/model/porsche/macan/macan/diesel-3-0d-at-211-hp-4wd-1","Porsche","Macan","2014  ",2967,"SUV",2807,"Injection ","4","Diesel","Euro 6",NA,NA,NA,4681,1923,1624,1624,2575,500,155,208,155,NA,75,216,7.7,NA,NA,NA,"5","5","6","7","235/60/R18",NA
"165","https://www.car-info.com/en/model/porsche/panamera/panamera-turbo-s/4-8t-v8-550hp","Porsche","Panamera Turbo S","2009  ",4806,"Coupe",2920,"Injection ",NA,"A-98",NA,NA,NA,NA,4970,1930,1418,1418,2500,NA,403,540,403,NA,100,306,3.8,17100,8.41,11.51,NA,NA,NA,NA,NA,NA
"166","https://www.car-info.com/en/model/porsche/panamera/panamera-s-hybrid/3-0i-v6-hybrid-333-47hp","Porsche","Panamera S Hybrid","2011  ",2995,"Coupe",2920,"Injection ",NA,"A-95",NA,"Yes",NA,NA,4970,1913,1418,1418,2375,NA,244,327,244,NA,80,270,6,7.61,6.81,7.11,NA,NA,NA,NA,"245/50",NA
"167","https://www.car-info.com/en/model/porsche/panamera/panamera-i-facelift/4s-3-0-at-420-hp-4wd-1","Porsche","Panamera I Facelift","2013  ",2997,"Fastback",2920,"Injection ","4","A-98","EURO V",NA,NA,NA,5015,1931,1418,1418,2450,126,308,413,308,NA,80,286,4.8,12.21,7.21,8.91,"5","4","6","7","245/50",NA
"168","https://www.car-info.com/en/model/porsche/panamera/panamera-i-facelift/s-3-0-at-420-hp","Porsche","Panamera I Facelift","2013  ",2997,"Fastback",2920,"Injection ","4","A-98","EURO V",NA,NA,NA,5015,1931,1418,1418,2415,126,308,413,308,NA,80,287,5.1,11.91,6.91,8.71,"5","4","6","7","245/50",NA
"169","https://www.car-info.com/en/model/porsche/panamera/panamera-i-facelift/diesel-3-0d-at-250-hp","Porsche","Panamera I Facelift","2013  ",2967,"Fastback",2920,"Common rail ",NA,"Diesel","EURO V",NA,NA,NA,5015,1931,1418,1418,2500,126,183,245,183,NA,80,244,6.4,7.81,5.51,6.31,"5","4","6","8","245/50",NA
"170","https://www.car-info.com/en/model/porsche/panamera/panamera-i-facelift/diesel-3-0d-at-300-hp","Porsche","Panamera I Facelift","2013  ",2967,"Fastback",2920,"Common rail ","4","Diesel","EURO V",NA,NA,NA,5015,1931,1418,1418,2500,126,220,295,220,NA,80,259,6,NA,NA,6.41,"5","4","6","8","245/50",NA
"171","https://www.car-info.com/en/model/porsche/panamera/panamera-i-facelift/s-e-hybrid-3-0hyb-at-333-hp","Porsche","Panamera I Facelift","2013  ",2995,"Fastback",2920,"Injection ","4","A-95","EURO V",NA,NA,NA,5015,1931,1418,1418,2580,126,244,327,244,NA,80,270,5.5,NA,NA,3.11,"5","4","6","8","245/50",NA
"172","https://www.car-info.com/en/model/porsche/panamera/panamera-i-facelift/3-6-at-310-hp","Porsche","Panamera I Facelift","2013  ",3605,"Fastback",2920,"Injection ",NA,"A-98","EURO V",NA,NA,NA,5015,1931,1418,1418,2380,126,227,304,227,NA,80,259,6.3,11.21,6.81,8.41,"5","4","6","7","245/50",NA
"173","https://www.car-info.com/en/model/porsche/panamera/panamera-i-facelift/4-3-6-at-310-hp-4wd","Porsche","Panamera I Facelift","2013  ",3605,"Fastback",2920,"Injection ",NA,"A-98","EURO V",NA,NA,NA,5015,1931,1418,1418,2420,126,227,304,227,NA,80,257,6.1,11.41,7.11,8.71,"5","4","6","7","245/50",NA
"174","https://www.car-info.com/en/model/porsche/panamera/panamera-i-facelift/gts-4-8-at-440-hp-4wd","Porsche","Panamera I Facelift","2013  ",4806,"Fastback",2920,"Injection ","4","A-98",NA,NA,NA,NA,5015,1931,1408,1408,2500,126,323,433,323,NA,100,288,4.4,15.71,7.81,10.71,"5","4","8","7",NA,NA
"175","https://www.car-info.com/en/model/porsche/panamera/panamera-i-facelift/turbo-4-8-at-520-hp-4wd-1","Porsche","Panamera I Facelift","2013  ",4806,"Fastback",2920,"Injection ","4","A-98","EURO V",NA,NA,NA,5015,1931,1418,1418,2500,126,381,511,381,NA,100,305,4.1,14.71,7.71,10.21,"5","4","8","7","255/45",NA
"176","https://www.car-info.com/en/model/porsche/panamera/panamera-i-facelift/turbo-s-4-8-at-570-hp-4wd","Porsche","Panamera I Facelift","2013  ",4806,"Fastback",2920,"Injection ","4","A-98","EURO V",NA,NA,NA,5015,1931,1418,1418,2500,126,418,560,418,960,100,310,3.8,14.71,7.71,10.21,"5","4","8","7","255/45",NA
"177","https://www.car-info.com/en/model/porsche/panamera/panamera-i-facelift/4s-executive-3-0-at-420-hp-4wd","Porsche","Panamera I Facelift","2013  ",2997,"Fastback",3070,"Injection ","4","A-98","EURO V",NA,NA,NA,5165,1931,1425,1425,2485,126,308,413,308,NA,100,286,5,12.41,7.31,9100,"5","4","6","7","245/50",NA
"178","https://www.car-info.com/en/model/porsche/panamera/panamera-i-facelift/turbo-executive-4-8-at-520-hp-4wd","Porsche","Panamera I Facelift","2013  ",4806,"Fastback",3070,"Injection ","4","A-98",NA,NA,NA,NA,5165,1931,1425,1425,2560,126,381,511,381,NA,100,305,4.2,14.91,7.81,10.31,"5","4","8","7","255/45",NA
"179","https://www.car-info.com/en/model/porsche/panamera/panamera-i-facelift/turbo-s-executive-4-8-at-570-hp-4wd","Porsche","Panamera I Facelift","2013  ",4806,"Fastback",3070,"Injection ","4","A-98",NA,NA,NA,NA,5165,1931,1425,1425,2560,126,418,560,418,960,100,310,3.9,14.91,7.81,10.31,"5","4","8","7","255/45",NA
"180","https://www.car-info.com/en/model/porsche/panamera/panamera-gts/4-8-v8-430-hp","Porsche","Panamera GTS","2012  ",4806,"SUV",2920,"Injection ",NA,"A-98",NA,NA,NA,NA,4970,1931,1408,1408,2480,NA,315,422,315,NA,100,288,4.5,16.11,8100,10.91,NA,NA,NA,NA,NA,NA
"181","https://www.car-info.com/en/model/porsche/panamera/panamera-diesel/3-0-tdi-v6-250hp-1","Porsche","Panamera Diesel","2011  ",2967,"SUV",2920,"Common rail ",NA,"Diesel",NA,"Yes",NA,NA,4970,1913,1418,1418,2365,NA,183,245,183,NA,80,242,6.8,8.11,5.61,6.51,NA,NA,NA,NA,"245/50",NA
"182","https://www.car-info.com/en/model/porsche/panamera/panamera/3-6-v6-300-hp-1","Porsche","Panamera","2010  ",3605,"SUV",2920,"Injection ","4","-",NA,"Yes",NA,NA,4970,1913,1418,1418,NA,NA,220,295,220,NA,80,261,6.8,16.41,7.81,11.31,"4","4","6","6","245/50R18W",NA
"183","https://www.car-info.com/en/model/porsche/panamera/panamera/3-6-v6-300-hp-4wd","Porsche","Panamera","2010  ",3605,"Coupe",2920,"Injection ","4","-",NA,"Yes",NA,NA,4970,1913,1418,1418,2365,NA,220,295,220,NA,80,261,6.8,16.41,7.81,11.31,"4","4","6","6","245/50R18W",NA
"184","https://www.car-info.com/en/model/porsche/panamera/panamera/4-8-v8-4s-400-hp-pdk","Porsche","Panamera","2009  ",4806,"Coupe",2920,"Injection ","4","A-98",NA,"Yes",NA,NA,4970,1913,1418,1418,2440,NA,293,393,293,NA,100,282,5,16.41,8.11,11.11,"4","4","8","7","245/50R18W",NA
"185","https://www.car-info.com/en/model/porsche/panamera/panamera/4-8-v8-s-400-hp","Porsche","Panamera","2009  ",4806,"Coupe",2920,"Injection ","4","A-98",NA,"Yes",NA,NA,4970,1913,1418,1418,2375,NA,293,393,293,NA,80,285,5.6,18.81,8.91,12.51,"4","4","8","6","245/50R18W",NA
"186","https://www.car-info.com/en/model/porsche/panamera/panamera/4-8-v8-s-400-hp-pdk","Porsche","Panamera","2009  ",4806,"Coupe",2920,"Injection ","4","A-98",NA,"Yes",NA,NA,4970,1913,1418,1418,2405,NA,293,393,293,NA,80,283,5.4,16100,7.91,10.81,"4","4","8","7","245/50R18W",NA
"187","https://www.car-info.com/en/model/porsche/panamera/panamera/4-8-v8-turbo-500-hp-pdk","Porsche","Panamera","2009  ",4806,"Coupe",2920,"Injection ","4","A-98",NA,"Yes",NA,NA,4970,1913,1418,1418,2500,NA,367,492,367,NA,100,303,4.2,18100,8.91,12.21,"4","4","8","7","255/45","9"
