"","link","Brand","Model","Year","Engine","Body type","Doors","Seats","Length","Width","Height","Wheelbase","Weight","Max width","Boot capacity","Engine kw","Engine hp","Torque","Fuel supply","Cylinders","Cylinders diameter","Valves in cylinders","Gears","Fuel","Fuel capacity","Eco standart","ABS","Front brakes","Rear brakes","Tires","Wheels","Max speed","Acceleration","Fuel town","Fuel road","Fuel average"
"1","https://www.car-info.com/en/model/porsche/911/911-vii-991-targa-facelift/4-3-0-at-370-hp-4wd","Porsche","911 VII (991) Targa Facelift","2015  - ","2981","Targa","2","2","4499 mm","1852 mm","1288 mm","2450","1288 kg","2000 kg","125 l","271 kw","363 hp","271 N*m/rpm","Injection ","6","-","4","7","A-98","68 liters","-","-","-","-","-","-","287 km/h","4.5 s","-","-","-"
"2","https://www.car-info.com/en/model/porsche/911/911-vii-991-targa-facelift/4s-3-0-at-420-hp-4wd","Porsche","911 VII (991) Targa Facelift","2015  - ","2981","Targa","2","2","4499 mm","1852 mm","1288 mm","2450","1288 kg","2025 kg","125 l","308 kw","413 hp","308 N*m/rpm","Injection ","6","-","4","7","A-98","68 liters","-","-","-","-","-","-","301 km/h","4.2 s","-","-","8 l/100km"
"3","https://www.car-info.com/en/model/porsche/911/911-vii-991-targa-facelift/4-3-0-mt-370-hp-4wd","Porsche","911 VII (991) Targa Facelift","2015  - ","2981","Targa","2","2","4499 mm","1852 mm","1288 mm","2450","1288 kg","2000 kg","125 l","271 kw","363 hp","271 N*m/rpm","Injection ","6","-","4","7","A-98","68 liters","-","-","-","-","-","-","289 km/h","4.7 s","-","-","-"
"4","https://www.car-info.com/en/model/porsche/911/911-vii-991-targa-facelift/4s-3-0-mt-420-hp-4wd","Porsche","911 VII (991) Targa Facelift","2015  - ","2981","Targa","2","2","4499 mm","1852 mm","1288 mm","2450","1288 kg","2025 kg","125 l","308 kw","413 hp","308 N*m/rpm","Injection ","6","-","4","7","A-98","68 liters","-","-","-","-","-","-","303 km/h","4.4 s","-","-","9 l/100km"
"5","https://www.car-info.com/en/model/porsche/911/911-vii-991-coupe-facelift/carrera-3-0-at-370-hp","Porsche","911 VII (991) Coupe Facelift","2015  - ","2981","Coupe","2","4","4499 mm","1808 mm","1302 mm","2450","1302 kg","1890 kg","145 l","271 kw","363 hp","271 N*m/rpm","Injection ","6","-","4","7","A-98","64 liters","Euro 6","-","-","-","235/40/R19, 295/35/R19","8,5 J x 19, 11,5 J x 19","293 km/h","4.4 s","-","6 l/100km","-"
"6","https://www.car-info.com/en/model/porsche/911/911-vii-991-coupe-facelift/carrera-4s-3-0-at-420-hp-4wd","Porsche","911 VII (991) Coupe Facelift","2015  - ","2981","Coupe","2","4","4499 mm","1808 mm","1302 mm","2450","1302 kg","1965 kg","145 l","308 kw","413 hp","308 N*m/rpm","Injection ","6","-","4","7","A-98","64 liters","Euro 6","-","-","-","245/35/R20, 305/30/R20","8,5 J x 20, 11,5 J x 20","303 km/h","4 s","-","-","-"
"7","https://www.car-info.com/en/model/porsche/911/911-vii-991-coupe-facelift/carrera-s-3-0-at-420-hp","Porsche","911 VII (991) Coupe Facelift","2015  - ","2981","Coupe","2","4","4499 mm","1808 mm","1302 mm","2450","1302 kg","1915 kg","145 l","308 kw","413 hp","308 N*m/rpm","Injection ","6","-","4","7","A-98","64 liters","Euro 6","-","-","-","245/35/R20, 305/30/R20","8,5 J x 20, 11,5 J x 20","306 km/h","4.1 s","-","-","-"
"8","https://www.car-info.com/en/model/porsche/911/911-vii-991-coupe-facelift/carrera-3-0-mt-370-hp","Porsche","911 VII (991) Coupe Facelift","2015  - ","2981","Coupe","2","4","4499 mm","1808 mm","1302 mm","2450","1302 kg","1875 kg","145 l","271 kw","363 hp","271 N*m/rpm","Injection ","6","-","4","7","A-98","64 liters","Euro 6","-","-","-","235/40/R19, 295/35/R19","8,5 J x 19, 11,5 J x 19","295 km/h","4.6 s","-","-","-"
"9","https://www.car-info.com/en/model/porsche/911/911-vii-991-coupe-facelift/carrera-4s-3-0-mt-420-hp-4wd","Porsche","911 VII (991) Coupe Facelift","2015  - ","2981","Coupe","2","4","4499 mm","1808 mm","1302 mm","2450","1302 kg","1950 kg","145 l","308 kw","413 hp","308 N*m/rpm","Injection ","6","-","4","7","A-98","64 liters","Euro 6","-","-","-","245/35/R20, 305/30/R20","8,5 J x 20, 11,5 J x 20","305 km/h","4.2 s","-","-","-"
"10","https://www.car-info.com/en/model/porsche/911/911-vii-991-coupe-facelift/carrera-s-3-0-mt-420-hp","Porsche","911 VII (991) Coupe Facelift","2015  - ","2981","Coupe","2","4","4499 mm","1808 mm","1302 mm","2450","1302 kg","1900 kg","145 l","308 kw","413 hp","308 N*m/rpm","Injection ","6","-","4","7","A-98","64 liters","Euro 6","-","-","-","245/35/R20, 305/30/R20","8,5 J x 20, 11,5 J x 20","308 km/h","4.3 s","-","-","-"
"11","https://www.car-info.com/en/model/porsche/911/911-vii-991-coupe-facelift/turbo-3-8-at-540-hp-4wd","Porsche","911 VII (991) Coupe Facelift","2015  - ","3800","Coupe","2","4","4499 mm","1808 mm","1302 mm","2450","1302 kg","2010 kg","145 l","396 kw","531 hp","396 N*m/rpm","Injection ","6","-","4","7","A-98","64 liters","Euro 6","-","-","-","245/35/R20, 305/30/R20","8,5 J x 20, 11,5 J x 20","320 km/h","3 s","-","-","-"
"12","https://www.car-info.com/en/model/porsche/911/911-vii-991-coupe-facelift/turbo-s-3-8-at-580-hp-4wd","Porsche","911 VII (991) Coupe Facelift","2015  - ","3800","Coupe","2","4","4499 mm","1808 mm","1302 mm","2450","1302 kg","1990 kg","145 l","425 kw","570 hp","425 N*m/rpm","Injection ","6","-","4","7","A-98","64 liters","Euro 6","-","-","-","245/35/R20, 305/30/R20","8,5 J x 20, 11,5 J x 20","330 km/h","2.9 s","-","-","-"
"13","https://www.car-info.com/en/model/porsche/911/911-vii-991-cabrio-facelift/carrera-3-0-at-370-hp-1","Porsche","911 VII (991) Cabrio Facelift","2015  - ","2981","Cabrio","2","4","4499 mm","1808 mm","1297 mm","2450","1297 kg","1940 kg","145 l","271 kw","363 hp","271 N*m/rpm","Injection ","6","-","4","7","A-98","64 liters","Euro 6","-","-","-","235/40/R19, 295/35/R19","8,5 J x 19, 11,5 J x 19","290 km/h","4.6 s","-","-","-"
"14","https://www.car-info.com/en/model/porsche/911/911-vii-991-cabrio-facelift/carrera-4s-3-0-at-420-hp-4wd-1","Porsche","911 VII (991) Cabrio Facelift","2015  - ","2981","Cabrio","2","4","4499 mm","1808 mm","1297 mm","2450","1297 kg","2015 kg","145 l","308 kw","413 hp","308 N*m/rpm","Injection ","6","-","4","7","A-98","64 liters","Euro 6","-","-","-","245/35/R20, 305/30/R20","8,5 J x 20, 11,5 J x 20","301 km/h","4.2 s","-","-","8 l/100km"
"15","https://www.car-info.com/en/model/porsche/911/911-vii-991-cabrio-facelift/carrera-s-3-0-at-420-hp-1","Porsche","911 VII (991) Cabrio Facelift","2015  - ","2981","Cabrio","2","4","4499 mm","1808 mm","1297 mm","2450","1297 kg","1965 kg","145 l","308 kw","413 hp","308 N*m/rpm","Injection ","6","-","4","7","A-98","64 liters","Euro 6","-","-","-","245/35/R20, 305/30/R20","8,5 J x 20, 11,5 J x 20","304 km/h","4.3 s","-","-","-"
"16","https://www.car-info.com/en/model/porsche/911/911-vii-991-cabrio-facelift/carrera-3-0-mt-370-hp-1","Porsche","911 VII (991) Cabrio Facelift","2015  - ","2981","Cabrio","2","4","4499 mm","1808 mm","1297 mm","2450","1297 kg","1925 kg","145 l","271 kw","363 hp","271 N*m/rpm","Injection ","6","-","4","7","A-98","64 liters","Euro 6","-","-","-","235/40/R19, 295/35/R19","8,5 J x 19, 11,5 J x 19","292 km/h","4.8 s","-","-","-"
"17","https://www.car-info.com/en/model/porsche/911/911-vii-991-cabrio-facelift/carrera-4s-3-0-mt-420-hp-4wd-1","Porsche","911 VII (991) Cabrio Facelift","2015  - ","2981","Cabrio","2","4","4499 mm","1808 mm","1297 mm","2450","1297 kg","2000 kg","145 l","308 kw","413 hp","308 N*m/rpm","Injection ","6","-","4","7","A-98","64 liters","Euro 6","-","-","-","245/35/R20, 305/30/R20","8,5 J x 20, 11,5 J x 20","303 km/h","4.4 s","-","-","9 l/100km"
"18","https://www.car-info.com/en/model/porsche/911/911-vii-991-cabrio-facelift/carrera-s-3-0-mt-420-hp-1","Porsche","911 VII (991) Cabrio Facelift","2015  - ","2981","Cabrio","2","4","4499 mm","1808 mm","1297 mm","2450","1297 kg","1950 kg","145 l","308 kw","413 hp","308 N*m/rpm","Injection ","6","-","4","7","A-98","64 liters","Euro 6","-","-","-","245/35/R20, 305/30/R20","8,5 J x 20, 11,5 J x 20","306 km/h","4.5 s","-","-","-"
"19","https://www.car-info.com/en/model/porsche/911/911-vii-991-cabrio-facelift/turbo-3-8-at-540-hp-4wd-1","Porsche","911 VII (991) Cabrio Facelift","2015  - ","3800","Cabrio","2","4","4499 mm","1808 mm","1297 mm","2450","1297 kg","2065 kg","145 l","396 kw","531 hp","396 N*m/rpm","Injection ","6","-","4","7","A-98","64 liters","Euro 6","-","-","-","245/35/R20, 305/30/R20","8,5 J x 20, 11,5 J x 20","320 km/h","3.1 s","-","-","-"
"20","https://www.car-info.com/en/model/porsche/911/911-vii-991-cabrio-facelift/turbo-s-3-8-at-580-hp-4wd-1","Porsche","911 VII (991) Cabrio Facelift","2015  - ","3800","Cabrio","2","4","4499 mm","1808 mm","1297 mm","2450","1297 kg","2045 kg","145 l","425 kw","570 hp","425 N*m/rpm","Injection ","6","-","4","7","A-98","64 liters","Euro 6","-","-","-","245/35/R20, 305/30/R20","8,5 J x 20, 11,5 J x 20","330 km/h","3 s","-","-","-"
"21","https://www.car-info.com/en/model/porsche/911/911-turbo-997/911-turbo-997","Porsche","911 Turbo (997)","2007  - -","3600","Cabrio","2","4","4450 mm","1852 mm","1300 mm","2350","1300 kg","1950 kg","-","352 kw","472 hp","352 N*m/rpm","Injection ","6","100 mm","4","6","A-98","67 liters","-","Yes","-","-","-","-","310 km/h","3.9 s","18.8 l/100km","9.5 l/100km","-"
"22","https://www.car-info.com/en/model/porsche/911/911-targa-4s-997/3-8i-355hp","Porsche","911 Targa 4S (997)","2006  - -","3824","Coupe","-","-","4427 mm","1808 mm","1310 mm","2350","1310 kg","1810 kg","-","260 kw","348 hp","260 N*m/rpm","Injection ","-","-","-","-","A-98","64 liters","-","Yes","-","-","235/40R18ZR, 265/40R18ZR","-","285 km/h","5 s","-","-","11 l/100km"
"23","https://www.car-info.com/en/model/porsche/911/911-targa-4s-997/3-8i-385hp","Porsche","911 Targa 4S (997)","2008  - -","3797","Coupe","-","-","4427 mm","1808 mm","1310 mm","2350","1310 kg","1810 kg","-","319 kw","427 hp","319 N*m/rpm","Injection ","-","-","-","-","A-98","64 liters","-","Yes","-","-","235/40R18ZR, 265/40R18ZR","-","285 km/h","5 s","-","-","11 l/100km"
"24","https://www.car-info.com/en/model/porsche/911/911-targa-4-997/3-6i-325hp","Porsche","911 Targa 4 (997)","2006  - -","3596","Coupe","-","-","4427 mm","1808 mm","1310 mm","2350","1310 kg","1810 kg","-","238 kw","319 hp","238 N*m/rpm","Injection ","-","96 mm","-","-","A-95","64 liters","-","Yes","-","-","235/40R18ZR, 265/40R18ZR","-","285 km/h","5 s","-","-","11 l/100km"
"25","https://www.car-info.com/en/model/porsche/911/911-targa-4-997/3-6i-345hp","Porsche","911 Targa 4 (997)","2008  - -","3614","Coupe","-","-","4427 mm","1808 mm","1310 mm","2350","1310 kg","1810 kg","-","253 kw","339 hp","253 N*m/rpm","Injection ","-","96 mm","-","-","A-95","64 liters","-","Yes","-","-","235/40R18ZR, 265/40R18ZR","-","285 km/h","5 s","-","-","11 l/100km"
"26","https://www.car-info.com/en/model/porsche/911/911-targa-996/3-6-carrera-320-hp","Porsche","911 Targa (996)","2001  - 2005","3596","Cabrio","2","2","4430 mm","1770 mm","1305 mm","2350","1305 kg","1845 kg","-","235 kw","315 hp","235 N*m/rpm","Injection ","6","96 mm","4","6","A-95","64 liters","-","Yes","-","-","205/50-255/40 R17","-","285 km/h","5.2 s","16.1 l/100km","8.1 l/100km","-"
"27","https://www.car-info.com/en/model/porsche/911/911-targa-993/3-6-carrera-286-hp","Porsche","911 Targa (993)","1995  - 1997","3600","Cabrio","2","2","4245 mm","1735 mm","1300 mm","2275","1300 kg","1740 kg","-","209 kw","280 hp","209 N*m/rpm","Injection ","6","100 mm","2","6","A-95","74 liters","-","Yes","-","-","205/50-255/40 R17","-","275 km/h","5.4 s","-","-","11.2 l/100km"
"28","https://www.car-info.com/en/model/porsche/911/911-cabrio-997/911-carrera-cabriolet-325-hp","Porsche","911 Cabrio (997)","2006  - -","3596","Coupe","2","4","4427 mm","1808 mm","1310 mm","2350","1310 kg","1875 kg","-","238 kw","319 hp","238 N*m/rpm","Injection ","6","96 mm","4","6","A-95","64 liters","-","Yes","-","-","-","-","285 km/h","5.2 s","16.4 l/100km","8.1 l/100km","-"
"29","https://www.car-info.com/en/model/porsche/911/911-cabrio-997/911-carrera-s-cabriolet-355-hp","Porsche","911 Cabrio (997)","2006  - -","3824","Cabrio","2","4","4427 mm","1808 mm","1310 mm","2350","1310 kg","1885 kg","-","260 kw","348 hp","260 N*m/rpm","Injection ","6","-","4","6","A-98","64 liters","-","Yes","-","-","-","-","293 km/h","4.9 s","17.3 l/100km","8.4 l/100km","-"
"30","https://www.car-info.com/en/model/porsche/911/911-cabrio-997/911-turbo-cabriolet-480-hp","Porsche","911 Cabrio (997)","2007  - -","3600","Cabrio","2","4","4427 mm","1808 mm","1310 mm","2350","1310 kg","2000 kg","-","352 kw","472 hp","352 N*m/rpm","Injection ","6","100 mm","4","6","A-98","64 liters","-","Yes","-","-","-","-","310 km/h","4 s","19.2 l/100km","9.5 l/100km","12.9 l/100km"
"31","https://www.car-info.com/en/model/porsche/911/911-cabrio-996/3-4-carrera-300-hp","Porsche","911 Cabrio (996)","1998  - 2000","3387","Coupe","2","2","4430 mm","1765 mm","1305 mm","2350","1305 kg","1795 kg","-","220 kw","295 hp","220 N*m/rpm","Injection ","6","96 mm","4","6","A-95","64 liters","-","Yes","-","-","205/50-255/40 R17","-","280 km/h","5.4 s","17.2 l/100km","8.5 l/100km","-"
"32","https://www.car-info.com/en/model/porsche/911/911-cabrio-996/3-4-carrera-4-300-hp","Porsche","911 Cabrio (996)","1998  - 2000","3387","Cabrio","2","2","4430 mm","1765 mm","1305 mm","2350","1305 kg","1850 kg","-","220 kw","295 hp","220 N*m/rpm","Injection ","6","96 mm","4","6","A-95","64 liters","-","Yes","-","-","205/50-255/40 R17","-","280 km/h","5.4 s","17.4 l/100km","8.8 l/100km","-"
"33","https://www.car-info.com/en/model/porsche/911/911-cabrio-996/3-6-carrera-320-hp-1","Porsche","911 Cabrio (996)","2000  - 2004","3596","Cabrio","2","2","4430 mm","1770 mm","1305 mm","2350","1305 kg","1855 kg","-","235 kw","315 hp","235 N*m/rpm","Injection ","6","96 mm","4","6","A-95","64 liters","-","Yes","-","-","205/50-255/40 R17","-","285 km/h","5.2 s","-","-","11 l/100km"
"34","https://www.car-info.com/en/model/porsche/911/911-cabrio-996/3-6-carrera-4-320-hp","Porsche","911 Cabrio (996)","2001  - 2004","3596","Cabrio","2","2","4430 mm","1770 mm","1305 mm","2350","1305 kg","1915 kg","-","235 kw","315 hp","235 N*m/rpm","Injection ","6","96 mm","4","6","A-95","64 liters","-","Yes","-","-","205/50-255/40 R17","-","285 km/h","5.2 s","-","-","11.2 l/100km"
"35","https://www.car-info.com/en/model/porsche/911/911-cabrio-993/3-6-carrera-272-hp","Porsche","911 Cabrio (993)","1994  - 1997","3600","Coupe","2","2","4245 mm","1735 mm","1300 mm","2272","1300 kg","1710 kg","-","199 kw","267 hp","199 N*m/rpm","Injection ","6","100 mm","2","6","A-95","74 liters","-","Yes","-","-","205/55-245/45 R16","-","270 km/h","5.6 s","-","-","11.5 l/100km"
"36","https://www.car-info.com/en/model/porsche/911/911-cabrio-993/3-6-carrera-286-hp-1","Porsche","911 Cabrio (993)","1995  - 1997","3600","Cabrio","2","2","4245 mm","1735 mm","1300 mm","2272","1300 kg","1710 kg","-","209 kw","280 hp","209 N*m/rpm","Injection ","6","100 mm","2","6","A-95","74 liters","-","Yes","-","-","205/55-245/45 R16","-","275 km/h","5.4 s","-","-","11.2 l/100km"
"37","https://www.car-info.com/en/model/porsche/911/911-cabrio-993/3-6-carrera-4-286-hp","Porsche","911 Cabrio (993)","1995  - 1997","3600","Cabrio","2","2","4245 mm","1735 mm","1300 mm","2272","1300 kg","1760 kg","-","209 kw","280 hp","209 N*m/rpm","Injection ","6","100 mm","2","6","A-95","74 liters","-","Yes","-","-","205/55-245/45 R16","-","275 km/h","5.3 s","-","-","11.2 l/100km"
"38","https://www.car-info.com/en/model/porsche/911/911-cabrio-991/3-8-carrera-s-cabrio-400hp","Porsche","911 Cabrio (991)","2011  - -","3800","Coupe","-","-","4491 mm","1808 mm","1299 mm","2450","1299 kg","1905 kg","-","293 kw","393 hp","293 N*m/rpm","Injection ","-","102 mm","-","-","A-98","64 liters","-","Yes","-","-","245/35 R20","-","301 km/h","4.7 s","14.1 l/100km","7.2 l/100km","9.7 l/100km"
"39","https://www.car-info.com/en/model/porsche/911/911-cabrio-964/3-6-carrera-250-hp","Porsche","911 Cabrio (964)","1989  - 1994","3600","Coupe","2","2","4250 mm","1650 mm","1310 mm","2270","-","-","-","183 kw","245 hp","183 N*m/rpm","Injection ","6","100 mm","2","5","A-95","77 liters","-","Yes","-","-","205/50 R17","-","260 km/h","5.7 s","17.1 l/100km","8.7 l/100km","9.7 l/100km"
"40","https://www.car-info.com/en/model/porsche/911/911-cabrio-964/3-6-carrera-4-250-hp","Porsche","911 Cabrio (964)","1989  - 1994","3600","Cabrio","2","2","4250 mm","1650 mm","1310 mm","2270","-","-","-","183 kw","245 hp","183 N*m/rpm","Injection ","6","100 mm","2","5","A-95","77 liters","-","Yes","-","-","205/50 R17","-","260 km/h","5.7 s","17.9 l/100km","8 l/100km","9.5 l/100km"
"41","https://www.car-info.com/en/model/porsche/911/911-997/3-6-carrera-325-hp","Porsche","911 (997)","2004  - 2008","3596","SUV","2","2","4427 mm","1808 mm","1310 mm","2350","1310 kg","1810 kg","-","238 kw","319 hp","238 N*m/rpm","Injection ","6","96 mm","4","6","A-95","64 liters","-","Yes","-","-","235/40R18ZR, 265/40R18ZR","-","285 km/h","5 s","-","-","11 l/100km"
"42","https://www.car-info.com/en/model/porsche/911/911-997/3-6-carrera-325-hp-1","Porsche","911 (997)","2005  - -","3596","Coupe","2","2","4427 mm","1808 mm","1310 mm","2350","1310 kg","1810 kg","-","238 kw","319 hp","238 N*m/rpm","Injection ","6","96 mm","4","6","A-95","64 liters","-","Yes","-","-","235/40R18ZR, 265/40R18ZR","-","285 km/h","5 s","-","-","11 l/100km"
"43","https://www.car-info.com/en/model/porsche/911/911-997/3-6-carrera-325-hp-tiptronic","Porsche","911 (997)","2004  - -","3596","Coupe","2","2","4427 mm","1808 mm","1310 mm","2350","1310 kg","1855 kg","-","238 kw","319 hp","238 N*m/rpm","Injection ","6","96 mm","4","5","A-95","64 liters","-","Yes","-","-","235/40R18ZR, 265/40R18ZR","-","280 km/h","5.5 s","-","-","-"
"44","https://www.car-info.com/en/model/porsche/911/911-997/3-6-carrera-345-hp","Porsche","911 (997)","2008  - -","3614","Coupe","2","2","4435 mm","1808 mm","1310 mm","2350","1310 kg","1820 kg","-","253 kw","339 hp","253 N*m/rpm","Injection ","6","96 mm","4","6","A-95","64 liters","-","Yes","-","-","235/40R18ZR, 265/40R18ZR","-","289 km/h","4.9 s","-","-","10.3 l/100km"
"45","https://www.car-info.com/en/model/porsche/911/911-997/3-6-carrera-345-hp-pdk","Porsche","911 (997)","2008  - -","3614","Coupe","2","2","4435 mm","1808 mm","1310 mm","2350","1310 kg","1850 kg","-","253 kw","339 hp","253 N*m/rpm","Injection ","6","96 mm","4","7","A-95","64 liters","-","Yes","-","-","235/40R18ZR, 265/40R18ZR","-","287 km/h","4.7 s","-","-","-"
"46","https://www.car-info.com/en/model/porsche/911/911-997/3-6-carrera-4-325-hp","Porsche","911 (997)","2004  - -","3596","Coupe","2","2","4427 mm","1852 mm","1310 mm","2350","1310 kg","1865 kg","-","238 kw","319 hp","238 N*m/rpm","Injection ","6","96 mm","4","6","A-95","67 liters","-","Yes","-","-","235/40R18ZR, 265/40R18ZR","-","280 km/h","5.1 s","-","-","11.3 l/100km"
"47","https://www.car-info.com/en/model/porsche/911/911-997/3-6-carrera-4-325-hp-tiptronic","Porsche","911 (997)","2004  - -","3596","Coupe","2","2","4427 mm","1852 mm","1310 mm","2350","1310 kg","1910 kg","-","238 kw","319 hp","238 N*m/rpm","Injection ","6","96 mm","4","5","A-95","67 liters","-","Yes","-","-","235/40R18ZR, 265/40R18ZR","-","275 km/h","5.6 s","-","-","11.8 l/100km"
"48","https://www.car-info.com/en/model/porsche/911/911-997/3-6-carrera-s-325-hp-tiptronic","Porsche","911 (997)","2004  - 2008","3596","Coupe","2","2","4427 mm","1808 mm","1310 mm","2350","1310 kg","1855 kg","-","238 kw","319 hp","238 N*m/rpm","Injection ","6","96 mm","4","5","A-95","64 liters","-","Yes","-","-","235/40R18ZR, 265/40R18ZR","-","280 km/h","5.5 s","-","-","-"
"49","https://www.car-info.com/en/model/porsche/911/911-997/3-8-carrera-4s-355-hp","Porsche","911 (997)","2005  - 2008","3824","Coupe","2","2","4427 mm","1808 mm","1300 mm","2350","1300 kg","1900 kg","-","260 kw","348 hp","260 N*m/rpm","Injection ","6","-","4","5","A-98","67 liters","-","Yes","-","-","235/35R19ZR ?????, 295/30ZR19ZR ???","-","280 km/h","5.4 s","18 l/100km","-","11.9 l/100km"
"50","https://www.car-info.com/en/model/porsche/911/911-997/3-8-carrera-4s-355-hp-pdk","Porsche","911 (997)","2008  - -","3824","Coupe","2","2","4435 mm","1852 mm","1300 mm","2350","1300 kg","1880 kg","-","282 kw","378 hp","282 N*m/rpm","Injection ","6","-","4","6","A-98","67 liters","-","Yes","-","-","235/35R19ZR ?????, 305/30ZR19ZR ???","8J x 19 ????? 11J x 19 ???","295 km/h","4.5 s","-","7.4 l/100km","-"
"51","https://www.car-info.com/en/model/porsche/911/911-997/3-8-carrera-4s-355-hp-tiptronic","Porsche","911 (997)","2005  - 2008","3824","Coupe","2","2","4427 mm","1808 mm","1300 mm","2350","1300 kg","1900 kg","-","260 kw","348 hp","260 N*m/rpm","Injection ","6","-","4","5","A-98","67 liters","-","Yes","-","-","235/35R19ZR ?????, 295/30ZR19ZR ???","-","28 km/h","5.3 s","18 l/100km","-","12.1 l/100km"
"52","https://www.car-info.com/en/model/porsche/911/911-997/3-8-carrera-4s-381-hp","Porsche","911 (997)","2005  - 2008","3824","Coupe","2","2","4427 mm","1808 mm","1300 mm","2350","1300 kg","1885 kg","-","260 kw","348 hp","260 N*m/rpm","Injection ","6","-","4","6","A-98","67 liters","-","Yes","-","-","235/35R19ZR ?????, 295/30ZR19ZR ???","-","296 km/h","4.7 s","18.4 l/100km","-","12.4 l/100km"
"53","https://www.car-info.com/en/model/porsche/911/911-997/3-8-carrera-4s-385-hp","Porsche","911 (997)","2008  - -","3824","Coupe","2","2","4435 mm","1852 mm","1300 mm","2350","1300 kg","1880 kg","-","282 kw","378 hp","282 N*m/rpm","Injection ","6","-","4","6","A-98","67 liters","-","Yes","-","-","235/35R19ZR ?????, 305/30ZR19ZR ???","8J x 19 ????? 11J x 19 ???","297 km/h","4.7 s","16.5 l/100km","7.7 l/100km","11 l/100km"
"54","https://www.car-info.com/en/model/porsche/911/911-997/3-8-carrera-s-355-hp","Porsche","911 (997)","2005  - 2008","3824","Coupe","2","2","4427 mm","1808 mm","1300 mm","2350","1300 kg","1865 kg","-","260 kw","348 hp","260 N*m/rpm","Injection ","6","-","4","6","A-98","64 liters","-","Yes","-","-","235/35R19ZR ?????, 295/30ZR19ZR ???","-","293 km/h","4.8 s","-","-","-"
"55","https://www.car-info.com/en/model/porsche/911/911-997/3-8-carrera-s-355-hp-tiptronic","Porsche","911 (997)","2005  - -","3824","Coupe","2","2","4427 mm","1808 mm","1300 mm","2350","1300 kg","1865 kg","-","260 kw","348 hp","260 N*m/rpm","Injection ","6","-","4","5","A-98","64 liters","-","Yes","-","-","235/35R19ZR ?????, 295/30ZR19ZR ???","-","285 km/h","5.3 s","-","-","-"
"56","https://www.car-info.com/en/model/porsche/911/911-997/3-8-carrera-s-381-hp","Porsche","911 (997)","2006  - -","3824","Coupe","2","2","4427 mm","1808 mm","1300 mm","2350","1300 kg","1930 kg","-","260 kw","348 hp","260 N*m/rpm","Injection ","6","-","4","6","A-98","64 liters","-","Yes","-","-","235/35R19ZR ?????, 295/30ZR19ZR ???","-","294 km/h","5.2 s","-","-","-"
"57","https://www.car-info.com/en/model/porsche/911/911-997/3-6-carrera-gt2-530-hp","Porsche","911 (997)","2007  - -","3600","Coupe","2","2","4427 mm","1808 mm","1300 mm","2350","1300 kg","1900 kg","-","389 kw","521 hp","389 N*m/rpm","Injection ","6","100 mm","4","6","A-98","67 liters","-","Yes","-","-","235/35R19ZR ?????, 295/30ZR19ZR ???","-","329 km/h","3.7 s","18.8 l/100km","-","12.5 l/100km"
"58","https://www.car-info.com/en/model/porsche/911/911-997/3-6-carrera-gt3-415-hp","Porsche","911 (997)","2005  - 2008","3600","Coupe","2","2","4427 mm","1808 mm","1300 mm","2350","1300 kg","1900 kg","-","304 kw","407 hp","304 N*m/rpm","Injection ","6","100 mm","4","6","A-98","67 liters","-","Yes","-","-","235/35R19ZR ?????, 295/30ZR19ZR ???","-","310 km/h","4.3 s","19.8 l/100km","-","12.1 l/100km"
"59","https://www.car-info.com/en/model/porsche/911/911-997/3-8-carrera-gt3-435-hp","Porsche","911 (997)","2009  - -","3797","Coupe","2","2","4465 mm","1808 mm","1280 mm","2355","1280 kg","1680 kg","-","319 kw","427 hp","319 N*m/rpm","Injection ","6","-","4","6","A-98","67 liters","-","Yes","-","-","235/35R19ZR ?????, 305/30ZR19ZR ???","-","312 km/h","4.1 s","19.8 l/100km","-","12.8 l/100km"
"60","https://www.car-info.com/en/model/porsche/911/911-997/3-6-carrera-4-345-hp-pdk","Porsche","911 (997)","2010  - -","3614","Hatchback","-","-","4427 mm","1852 mm","1310 mm","2350","-","-","-","253 kw","339 hp","253 N*m/rpm","Injection ","-","96 mm","-","-","A-95","67 liters","-","Yes","-","-","-","-","284 km/h","5 s","15.9 l/100km","7.7 l/100km","10.6 l/100km"
"61","https://www.car-info.com/en/model/porsche/911/911-997/3-6t-gt2-rs-620hp","Porsche","911 (997)","2011  - -","3600","Coupe","-","-","4469 mm","1852 mm","1285 mm","2355","1285 kg","1680 kg","-","455 kw","610 hp","455 N*m/rpm","Injection ","-","100 mm","-","-","A-95","90 liters","-","Yes","-","-","245/35 R19 - 325/30 R19","-","330 km/h","3.5 s","17.9 l/100km","8.7 l/100km","11.9 l/100km"
"62","https://www.car-info.com/en/model/porsche/911/911-997/4-0-gt3-rs-500hp","Porsche","911 (997)","2011  - -","3996","Coupe","-","-","4469 mm","1852 mm","1285 mm","2355","1285 kg","1680 kg","-","367 kw","492 hp","367 N*m/rpm","Injection ","-","-","-","-","A-98","67 liters","-","Yes","-","-","245/35 R19 - 325/30 R19","-","310 km/h","3.9 s","20.4 l/100km","9.9 l/100km","13.8 l/100km"
"63","https://www.car-info.com/en/model/porsche/911/911-996/3-4-carrera-300-hp-1","Porsche","911 (996)","1997  - 2000","3387","Coupe","2","2","4430 mm","1765 mm","1305 mm","2350","1305 kg","1720 kg","-","220 kw","295 hp","220 N*m/rpm","Injection ","6","96 mm","4","6","A-95","64 liters","-","Yes","-","-","205/50-255/40 R17","-","280 km/h","5.2 s","-","-","-"
"64","https://www.car-info.com/en/model/porsche/911/911-996/3-4-carrera-4-300-hp-1","Porsche","911 (996)","1999  - 2000","3387","Coupe","2","2","4430 mm","1765 mm","1305 mm","2350","1305 kg","1775 kg","-","220 kw","295 hp","220 N*m/rpm","Injection ","6","96 mm","4","6","A-95","64 liters","-","Yes","-","-","205/50-255/40 R17","-","280 km/h","5.2 s","17.4 l/100km","8.8 l/100km","-"
"65","https://www.car-info.com/en/model/porsche/911/911-996/3-4-turbo-4-480-hp","Porsche","911 (996)","1997  - 2000","3600","Coupe","2","2","4245 mm","1795 mm","1285 mm","2272","1285 kg","1840 kg","-","352 kw","472 hp","352 N*m/rpm","Injection ","6","100 mm","4","6","A-95","64 liters","-","Yes","-","-","225/40-285/35 R18","-","290 km/h","4.5 s","23.5 l/100km","11.2 l/100km","-"
"66","https://www.car-info.com/en/model/porsche/911/911-996/3-6-carrera-320-hp-2","Porsche","911 (996)","2000  - 2004","3596","Coupe","2","2","4430 mm","1500 mm","1305 mm","2350","1305 kg","1790 kg","-","235 kw","315 hp","235 N*m/rpm","Injection ","6","96 mm","4","6","A-95","64 liters","-","Yes","-","-","205/50-255/40 R17","-","285 km/h","5 s","16.1 l/100km","8.1 l/100km","11 l/100km"
"67","https://www.car-info.com/en/model/porsche/911/911-996/3-6-carrera-4-320-hp-1","Porsche","911 (996)","2001  - 2004","3596","Coupe","2","2","4430 mm","1770 mm","1305 mm","2350","1305 kg","1850 kg","-","235 kw","315 hp","235 N*m/rpm","Injection ","6","96 mm","4","6","A-95","64 liters","-","Yes","-","-","205/50-255/40 R17","-","285 km/h","5 s","16.3 l/100km","8.3 l/100km","11.1 l/100km"
"68","https://www.car-info.com/en/model/porsche/911/911-996/3-6-carrera-4s-320-hp","Porsche","911 (996)","2001  - 2005","3596","Coupe","2","2","4435 mm","1830 mm","1295 mm","2350","1295 kg","1870 kg","-","235 kw","315 hp","235 N*m/rpm","Injection ","6","96 mm","4","6","A-95","64 liters","-","Yes","-","-","225/40-295/30 R18","-","280 km/h","5.1 s","16.3 l/100km","8.5 l/100km","-"
"69","https://www.car-info.com/en/model/porsche/911/911-996/3-6-gt-360-hp","Porsche","911 (996)","1999  - 2000","3600","Coupe","2","2","4430 mm","1765 mm","1270 mm","2350","1270 kg","1630 kg","-","264 kw","354 hp","264 N*m/rpm","Injection ","6","100 mm","4","6","A-95","89 liters","-","Yes","-","-","225/40-285/30 R18","-","302 km/h","4.8 s","20.1 l/100km","8.9 l/100km","-"
"70","https://www.car-info.com/en/model/porsche/911/911-996/3-6-gt2-462-hp","Porsche","911 (996)","2000  - 2005","3600","Coupe","2","2","4446 mm","1830 mm","1275 mm","2355","1275 kg","1720 kg","-","339 kw","454 hp","339 N*m/rpm","Injection ","6","100 mm","4","6","A-95","89 liters","-","Yes","-","-","235/40-315/30 R18","-","315 km/h","4.1 s","18.9 l/100km","9.3 l/100km","12.8 l/100km"
"71","https://www.car-info.com/en/model/porsche/911/911-996/3-6-gt3-381-hp","Porsche","911 (996)","2003  - 2004","3600","Coupe","2","2","4435 mm","1770 mm","1275 mm","2355","1275 kg","1660 kg","-","279 kw","374 hp","279 N*m/rpm","Injection ","6","-","4","6","A-95","89 liters","-","Yes","-","-","235/40-295/30 R18","-","306 km/h","4.5 s","20.3 l/100km","8.8 l/100km","-"
"72","https://www.car-info.com/en/model/porsche/911/911-996/3-6-turbo-4-420-hp","Porsche","911 (996)","2000  - 2005","3600","Coupe","2","2","4435 mm","1830 mm","1295 mm","2350","1295 kg","1885 kg","-","308 kw","413 hp","308 N*m/rpm","Injection ","6","100 mm","4","6","A-95","64 liters","-","Yes","-","-","225/40-295/30 R18","-","305 km/h","4.2 s","18.9 l/100km","9.2 l/100km","-"
"73","https://www.car-info.com/en/model/porsche/911/911-993/3-6-carrera-272-hp-1","Porsche","911 (993)","1993  - 1997","3600","Coupe","2","2","4245 mm","1735 mm","1300 mm","2272","1300 kg","1710 kg","-","199 kw","267 hp","199 N*m/rpm","Injection ","6","100 mm","2","6","A-95","74 liters","-","Yes","-","-","205/55-245/45 R16","-","270 km/h","5.6 s","-","-","11.5 l/100km"
"74","https://www.car-info.com/en/model/porsche/911/911-993/3-6-carrera-285-hp","Porsche","911 (993)","1995  - 1997","3600","Coupe","2","2","4245 mm","1735 mm","1300 mm","2272","1300 kg","1710 kg","-","209 kw","280 hp","209 N*m/rpm","Injection ","6","100 mm","2","6","A-95","74 liters","-","Yes","-","-","205/55-245/45 R16","-","275 km/h","5.4 s","-","-","11.2 l/100km"
"75","https://www.car-info.com/en/model/porsche/911/911-993/3-6-carrera-4-272-hp","Porsche","911 (993)","1994  - 1997","3600","Coupe","2","2","4245 mm","1735 mm","1300 mm","2272","1300 kg","1760 kg","-","199 kw","267 hp","199 N*m/rpm","Injection ","6","100 mm","2","6","A-95","74 liters","-","Yes","-","-","205/55-245/45 R16","-","270 km/h","5.5 s","-","-","11.4 l/100km"
"76","https://www.car-info.com/en/model/porsche/911/911-993/3-6-carrera-4-286-hp-1","Porsche","911 (993)","1995  - 1997","3600","Coupe","2","2","4245 mm","1735 mm","1300 mm","2272","1300 kg","1760 kg","-","209 kw","280 hp","209 N*m/rpm","Injection ","6","100 mm","2","6","A-95","74 liters","-","Yes","-","-","205/55-245/45 R16","-","275 km/h","5.3 s","-","-","11.2 l/100km"
"77","https://www.car-info.com/en/model/porsche/911/911-993/3-6-turbo-4-408-hp","Porsche","911 (993)","1995  - 1997","3600","Coupe","2","2","4245 mm","1795 mm","1285 mm","2272","1285 kg","1840 kg","-","299 kw","401 hp","299 N*m/rpm","Injection ","6","100 mm","2","6","A-95","74 liters","-","Yes","-","-","225/40-285/30 R18","-","290 km/h","4.5 s","-","-","13.2 l/100km"
"78","https://www.car-info.com/en/model/porsche/911/911-993/3-6-turbo-gt2-430-hp","Porsche","911 (993)","1995  - 1997","3600","Coupe","2","2","4245 mm","1855 mm","1270 mm","2272","1270 kg","1840 kg","-","315 kw","422 hp","315 N*m/rpm","Injection ","6","100 mm","2","6","A-95","92 liters","-","Yes","-","-","235/40-285/35 ZR 18","-","295 km/h","4.4 s","-","-","-"
"79","https://www.car-info.com/en/model/porsche/911/911-993/3-8-carrera-4-286-hp","Porsche","911 (993)","1995  - 1997","3600","Coupe","2","2","4245 mm","1735 mm","1300 mm","2275","1300 kg","1760 kg","-","209 kw","280 hp","209 N*m/rpm","Injection ","6","100 mm","2","6","A-95","74 liters","-","Yes","-","-","205/55-245/45 R16","-","275 km/h","5.3 s","-","-","11.3 l/100km"
"80","https://www.car-info.com/en/model/porsche/911/911-993/3-8-carrera-rs-300-hp","Porsche","911 (993)","1995  - 1997","3746","Coupe","2","2","4245 mm","1735 mm","1270 mm","2284","1270 kg","1480 kg","-","220 kw","295 hp","220 N*m/rpm","Injection ","6","102 mm","2","6","A-95","92 liters","-","Yes","-","-","225/40-295/35 ZR18","-","277 km/h","5 s","-","-","12.4 l/100km"
"81","https://www.car-info.com/en/model/porsche/911/911-991/3-4-carrera-4-350hp","Porsche","911 (991)","2011  - -","3387","Coupe","-","-","4491 mm","1808 mm","1295 mm","2450","1295 kg","1845 kg","-","257 kw","344 hp","257 N*m/rpm","Injection ","-","97 mm","-","-","A-95","64 liters","-","Yes","-","-","235/40 R19","-","285 km/h","4.9 s","13.2 l/100km","7.1 l/100km","9.3 l/100km"
"82","https://www.car-info.com/en/model/porsche/911/911-991/3-8-carrera-s-400-hp","Porsche","911 (991)","2011  - -","3800","Coupe","-","-","4491 mm","1808 mm","1295 mm","2450","1295 kg","1808 kg","-","293 kw","393 hp","293 N*m/rpm","Injection ","-","102 mm","-","-","A-98","64 liters","-","-","-","-","245/35 R20 ; 295/30 R20","-","304 km/h","4.5 s","13.8 l/100km","7.1 l/100km","9.5 l/100km"
"83","https://www.car-info.com/en/model/porsche/911/911-964/3-3-turbo-320-hp","Porsche","911 (964)","1990  - 1993","3299","Coupe","2","2","4250 mm","1775 mm","1310 mm","2270","1310 kg","1810 kg","-","235 kw","315 hp","235 N*m/rpm","Injection ","6","97 mm","2","5","A-95","77 liters","-","Yes","-","-","205/50 R17","-","270 km/h","5 s","21 l/100km","8.5 l/100km","10.4 l/100km"
"84","https://www.car-info.com/en/model/porsche/911/911-964/3-6-carrera-250-hp-1","Porsche","911 (964)","1989  - 1993","3600","Coupe","2","2","4250 mm","1650 mm","1310 mm","2270","1310 kg","-","-","183 kw","245 hp","183 N*m/rpm","Injection ","6","100 mm","2","5","A-95","77 liters","-","Yes","-","-","205/50 R17","-","260 km/h","5.7 s","17.1 l/100km","7.8 l/100km","9.7 l/100km"
"85","https://www.car-info.com/en/model/porsche/911/911-964/3-6-carrera-4-250-hp-1","Porsche","911 (964)","1988  - 1993","3600","Coupe","2","2","4250 mm","1650 mm","1310 mm","2270","1310 kg","1790 kg","-","183 kw","245 hp","183 N*m/rpm","Injection ","6","100 mm","2","5","A-95","77 liters","-","Yes","-","-","205/50 R17","-","260 km/h","5.7 s","17.9 l/100km","8 l/100km","9.5 l/100km"
"86","https://www.car-info.com/en/model/porsche/911/911-964/3-6-carrera-rs-260-hp","Porsche","911 (964)","1991  - 1993","3600","Coupe","2","2","4250 mm","1650 mm","1310 mm","2270","1310 kg","-","-","191 kw","256 hp","191 N*m/rpm","Injection ","6","100 mm","2","5","A-95","77 liters","-","Yes","-","-","205/50 R17","-","260 km/h","5.4 s","-","-","-"
"87","https://www.car-info.com/en/model/porsche/911/911-964/3-6-turbo-360-hp","Porsche","911 (964)","1993  - 1993","3600","Coupe","2","2","4275 mm","1775 mm","1290 mm","2270","1290 kg","1810 kg","-","264 kw","354 hp","264 N*m/rpm","Injection ","6","100 mm","2","5","A-95","77 liters","-","Yes","-","-","225/40 ZR18","8JX18","280 km/h","4.8 s","21.3 l/100km","8.3 l/100km","10.3 l/100km"
"88","https://www.car-info.com/en/model/porsche/918/918/spyder-4-6hyb-at-608-hp-4wd","Porsche","918","2013  - ","4593","Roadster","2","2","4643 mm","1940 mm","1167 mm","2730","1167 kg","1900 kg","-","446 kw","598 hp","446 N*m/rpm","Injection ","8","-","-","7","-","-","-","-","-","-","265/35 ZR20; 325/30 ZR21","9.5J x 20; 12.5J x 21","343 km/h","2.8 s","-","-","3.3 l/100km"
"89","https://www.car-info.com/en/model/porsche/928/928/5-4-gts-350-hp","Porsche","928","1991  - 1995","5397","Coupe","2","2","4520 mm","1890 mm","1280 mm","2500","1280 kg","1960 kg","-","257 kw","344 hp","257 N*m/rpm","Injection ","8","100 mm","4","5","A-98","86 liters","-","Yes","-","-","255/40 R17","-","275 km/h","5.7 s","20.8 l/100km","9.8 l/100km","12 l/100km"
"90","https://www.car-info.com/en/model/porsche/928/928/4-4i-v8-241hp","Porsche","928","1977  - 1982","4506","Coupe","-","-","4520 mm","1890 mm","1275 mm","2500","-","-","-","177 kw","237 hp","177 N*m/rpm","Injection ","-","-","-","-","-","-","-","-","-","-","-","-","-","-","-","-","-"
"91","https://www.car-info.com/en/model/porsche/928/928/gt-5-0i-v8-330hp","Porsche","928","1989  - 1991","4949","Coupe","-","-","4520 mm","1890 mm","1275 mm","2500","-","-","-","242 kw","324 hp","242 N*m/rpm","Injection ","-","-","-","-","-","-","-","-","-","-","-","-","-","-","-","-","-"
"92","https://www.car-info.com/en/model/porsche/928/928/s-4-6i-v8-301hp","Porsche","928","1979  - 1983","4700","Coupe","-","-","4520 mm","1890 mm","1275 mm","2500","-","-","-","221 kw","296 hp","221 N*m/rpm","Injection ","-","-","-","-","-","-","-","-","-","-","-","-","-","-","-","-","-"
"93","https://www.car-info.com/en/model/porsche/928/928/s-4-6i-v8-310hp","Porsche","928","1983  - 1986","4700","Coupe","-","-","4520 mm","1890 mm","1275 mm","2500","-","-","-","227 kw","304 hp","227 N*m/rpm","Injection ","-","-","-","-","-","-","-","-","-","-","-","-","-","-","-","-","-"
"94","https://www.car-info.com/en/model/porsche/928/928/s-4-9i-v8-288hp","Porsche","928","1985  - 1994","4949","Coupe","-","-","4520 mm","1890 mm","1275 mm","2500","-","-","-","211 kw","283 hp","211 N*m/rpm","Injection ","-","-","-","-","-","-","-","-","-","-","-","-","-","-","-","-","-"
"95","https://www.car-info.com/en/model/porsche/928/928/s-4-9i-v8-320hp","Porsche","928","1986  - 1991","4949","Coupe","-","-","4520 mm","1890 mm","1275 mm","2500","-","-","-","235 kw","315 hp","235 N*m/rpm","Injection ","-","-","-","-","-","-","-","-","-","-","-","-","-","-","-","-","-"
"96","https://www.car-info.com/en/model/porsche/928/928/s4-4-9i-v8-320hp","Porsche","928","1986  - 1991","4949","Coupe","-","-","4520 mm","1890 mm","1275 mm","2500","-","-","-","235 kw","315 hp","235 N*m/rpm","Injection ","-","-","-","-","-","-","-","-","-","-","-","-","-","-","-","-","-"
"97","https://www.car-info.com/en/model/porsche/928/928/s4-5-0i-v8-320hp","Porsche","928","1986  - 1991","4949","Coupe","-","-","4520 mm","1890 mm","1275 mm","2500","-","-","-","235 kw","315 hp","235 N*m/rpm","Injection ","-","-","-","-","-","-","-","-","-","-","-","-","-","-","-","-","-"
"98","https://www.car-info.com/en/model/porsche/959/959/2-8-444-hp","Porsche","959","1986  - 1989","0","Coupe","-","-","4260 mm","1840 mm","1280 mm","2272","-","-","-","-","-","-","-","-","-","-","-","-","-","-","-","-","-","-","-","-","3.7 s","-","-","-"
"99","https://www.car-info.com/en/model/porsche/968/968-cabrio/3-0-i-16v-240-hp","Porsche","968 Cabrio","1991  - 1995","2990","Coupe","2","2","4320 mm","1735 mm","1275 mm","2400","1275 kg","1790 kg","-","176 kw","236 hp","176 N*m/rpm","Injection ","4","104 mm","4","6","A-95","74 liters","-","Yes","-","-","235/40 R18","-","252 km/h","6.5 s","14.8 l/100km","7.1 l/100km","8.8 l/100km"
"100","https://www.car-info.com/en/model/porsche/968/968/3-0-i-16v-240-hp-1","Porsche","968","1991  - 1995","2990","Cabrio","2","2","4320 mm","1735 mm","1275 mm","2400","1275 kg","-","-","176 kw","236 hp","176 N*m/rpm","Injection ","4","104 mm","4","6","A-95","74 liters","-","Yes","-","-","265/35 ZR18","-","252 km/h","6.5 s","14.8 l/100km","7.2 l/100km","8.8 l/100km"
"101","https://www.car-info.com/en/model/porsche/968/968/3-0-i-16v-turbo-s-305-hp","Porsche","968","1993  - 1995","2990","Coupe","2","2","4320 mm","1735 mm","1275 mm","2400","1275 kg","1730 kg","-","224 kw","300 hp","224 N*m/rpm","Injection ","4","104 mm","4","6","A-95","74 liters","-","Yes","-","-","265/35 ZR18","-","280 km/h","5 s","-","-","-"
"102","https://www.car-info.com/en/model/porsche/968/968m/1-2l-v4-42hp","Porsche","968M","1979  - 1994","1197","Hatchback","-","-","3765 mm","1490 mm","1425 mm","2160","1425 kg","1200 kg","-","31 kw","42 hp","31 N*m/rpm","Carburetor ","-","76 mm","-","-","A-80","40 liters","-","-","-","-","155/70 R13","4J x 13","120 km/h","32 s","9.5 l/100km","6.5 l/100km","-"
"103","https://www.car-info.com/en/model/porsche/boxster/boxster-iii-981/2-7-at-265-hp","Porsche","Boxster III (981)","2012  - ","2706","Roadster","2","2","4374 mm","1801 mm","1282 mm","2475","1282 kg","1675 kg","280 l","194 kw","260 hp","194 N*m/rpm","Injection ","6","-","4","7","A-98","64 liters","EURO V","-","-","-","205/55 R17; 235/50 R17","-","262 km/h","5.7 s","10.6 l/100km","5.9 l/100km","7.7 l/100km"
"104","https://www.car-info.com/en/model/porsche/boxster/boxster-iii-981/2-7-mt-265-hp","Porsche","Boxster III (981)","2012  - ","2706","Roadster","2","2","4374 mm","1801 mm","1282 mm","2475","1282 kg","1645 kg","280 l","194 kw","260 hp","194 N*m/rpm","Injection ","6","-","4","6","A-98","64 liters","EURO V","-","-","-","205/55 R17; 235/50 R17","-","264 km/h","5.8 s","11.4 l/100km","6.3 l/100km","8.2 l/100km"
"105","https://www.car-info.com/en/model/porsche/boxster/boxster-iii-981/s-3-4-at-315-hp","Porsche","Boxster III (981)","2012  - ","3436","Roadster","2","2","4374 mm","1801 mm","1281 mm","2475","1281 kg","1685 kg","280 l","231 kw","310 hp","231 N*m/rpm","Injection ","6","-","4","7","A-95","64 liters","EURO V","-","-","-","235/40 R18","-","277 km/h","5 s","11.2 l/100km","6.2 l/100km","8 l/100km"
"106","https://www.car-info.com/en/model/porsche/boxster/boxster-iii-981/s-3-4-mt-315-hp","Porsche","Boxster III (981)","2012  - ","3436","Roadster","2","2","4374 mm","1801 mm","1281 mm","2475","1281 kg","1655 kg","280 l","231 kw","310 hp","231 N*m/rpm","Injection ","6","-","4","6","A-95","64 liters","EURO V","-","-","-","235/40 R18","-","279 km/h","5.1 s","12.2 l/100km","6.9 l/100km","8.8 l/100km"
"107","https://www.car-info.com/en/model/porsche/boxster/boxster-987/2-7i-boxter-at-239-hp","Porsche","Boxster (987)","2004  - -","2687","-","2","2","4329 mm","1801 mm","1295 mm","2415","1295 kg","1665 kg","-","175 kw","235 hp","175 N*m/rpm","Injection ","6","-","4","5","A-98","64 liters","-","Yes","-","-","205/55 R17; 235/50 R17","-","250 km/h","7.1 s","15.2 l/100km","7.7 l/100km","10.4 l/100km"
"108","https://www.car-info.com/en/model/porsche/boxster/boxster-987/2-7i-boxter-mt-239-hp","Porsche","Boxster (987)","2004  - -","2687","Coupe","2","2","4329 mm","1801 mm","1295 mm","2415","1295 kg","1610 kg","-","175 kw","235 hp","175 N*m/rpm","Injection ","6","-","4","5","A-98","64 liters","-","Yes","-","-","205/55 R17; 235/50 R17","-","256 km/h","6.2 s","13.9 l/100km","6.9 l/100km","9.6 l/100km"
"109","https://www.car-info.com/en/model/porsche/boxster/boxster-987/3-2-boxter-s-at-280-hp","Porsche","Boxster (987)","2004  - -","3179","Coupe","2","2","4329 mm","1801 mm","1295 mm","2415","1295 kg","1670 kg","-","205 kw","275 hp","205 N*m/rpm","Injection ","6","-","4","5","A-98","64 liters","-","Yes","-","-","205/55 R17; 235/50 R17","-","260 km/h","6.3 s","16.3 l/100km","7.9 l/100km","11 l/100km"
"110","https://www.car-info.com/en/model/porsche/boxster/boxster-987/3-2-boxter-s-mt-280-hp","Porsche","Boxster (987)","2004  - -","3179","Coupe","2","2","4329 mm","1801 mm","1295 mm","2415","1295 kg","1630 kg","-","205 kw","275 hp","205 N*m/rpm","Injection ","6","-","4","6","A-98","64 liters","-","Yes","-","-","205/55 R17; 235/50 R17","-","268 km/h","5.5 s","15.2 l/100km","7.7 l/100km","10.4 l/100km"
"111","https://www.car-info.com/en/model/porsche/boxster/boxster-987/3-4-boxter-s-at-295-hp","Porsche","Boxster (987)","2006  - -","3387","Coupe","2","2","4329 mm","1801 mm","1295 mm","2415","1295 kg","1670 kg","-","216 kw","289 hp","216 N*m/rpm","Injection ","6","96 mm","4","5","A-95","64 liters","-","Yes","-","-","235/40 R18; 265/40 R18","-","264 km/h","6.1 s","16.3 l/100km","7.9 l/100km","11 l/100km"
"112","https://www.car-info.com/en/model/porsche/boxster/boxster-987/3-4-boxter-s-mt-295-hp","Porsche","Boxster (987)","2006  - -","3387","Coupe","2","2","4329 mm","1801 mm","1295 mm","2415","1295 kg","1630 kg","-","216 kw","289 hp","216 N*m/rpm","Injection ","6","96 mm","4","6","A-95","64 liters","-","Yes","-","-","235/40 R18; 265/40 R18","-","272 km/h","5.4 s","15.3 l/100km","7.8 l/100km","10.6 l/100km"
"113","https://www.car-info.com/en/model/porsche/boxster/boxster-987/2-9i-255hp","Porsche","Boxster (987)","2009  - -","2893","Coupe","-","-","4329 mm","1801 mm","1295 mm","2415","1295 kg","1640 kg","-","187 kw","251 hp","187 N*m/rpm","Injection ","-","-","-","-","A-98","64 liters","-","Yes","-","-","205/55 R17; 235/50 R17","-","263 km/h","5.9 s","15.2 l/100km","7.7 l/100km","10.4 l/100km"
"114","https://www.car-info.com/en/model/porsche/boxster/boxster-987/spyder-3-4i-320hp","Porsche","Boxster (987)","2009  - -","3436","Coupe","-","-","4329 mm","1801 mm","1295 mm","2415","1295 kg","1630 kg","-","235 kw","315 hp","235 N*m/rpm","Injection ","-","-","-","-","A-95","64 liters","-","Yes","-","-","235/40 R18; 265/40 R18","-","267 km/h","5.1 s","-","-","-"
"115","https://www.car-info.com/en/model/porsche/boxster/boxster-986/2-5-boxer-24v-204-hp","Porsche","Boxster (986)","1996  - 2002","2480","Coupe","2","2","4315 mm","1780 mm","1290 mm","2415","1290 kg","1560 kg","-","150 kw","201 hp","150 N*m/rpm","Injection ","6","85,5 mm","4","5","A-98","57 liters","-","Yes","-","-","225/50 R16","-","240 km/h","6.9 s","14.3 l/100km","7.1 l/100km","-"
"116","https://www.car-info.com/en/model/porsche/boxster/boxster-986/2-7-boxer-24v-220-hp","Porsche","Boxster (986)","1996  - 2002","2687","Cabrio","2","2","4315 mm","1780 mm","1290 mm","2415","1290 kg","1570 kg","-","161 kw","216 hp","161 N*m/rpm","Injection ","6","85,5 mm","4","5","A-98","64 liters","-","Yes","-","-","205/55 - 225/50 ZR16","-","250 km/h","6.6 s","13.4 l/100km","7.4 l/100km","9.9 l/100km"
"117","https://www.car-info.com/en/model/porsche/boxster/boxster-986/2-7-boxter-24v-228-hp","Porsche","Boxster (986)","2002  - 2004","2687","Cabrio","2","2","4320 mm","1780 mm","1290 mm","2415","1290 kg","1600 kg","-","167 kw","224 hp","167 N*m/rpm","Injection ","6","85,5 mm","4","5","A-98","64 liters","-","Yes","-","-","205/55-225/50 R16","-","253 km/h","6.4 s","14.2 l/100km","7.1 l/100km","9.7 l/100km"
"118","https://www.car-info.com/en/model/porsche/boxster/boxster-986/3-2-boxer-s-24v-252-hp","Porsche","Boxster (986)","1996  - 2002","3179","Cabrio","2","2","4315 mm","1780 mm","1290 mm","2415","1290 kg","1615 kg","-","185 kw","248 hp","185 N*m/rpm","Injection ","6","93 mm","4","6","A-98","64 liters","-","Yes","-","-","205/50 - 255/40 ZR17","-","260 km/h","5.9 s","15.6 l/100km","7.8 l/100km","10.7 l/100km"
"119","https://www.car-info.com/en/model/porsche/boxster/boxster-986/3-2-boxter-s-24v-260-hp","Porsche","Boxster (986)","2002  - 2004","3179","Cabrio","2","2","4320 mm","1780 mm","1290 mm","2415","1290 kg","1630 kg","-","191 kw","256 hp","191 N*m/rpm","Injection ","6","93 mm","4","6","A-98","64 liters","-","Yes","-","-","205/55-225/40 R17","-","264 km/h","5.7 s","15.3 l/100km","7.8 l/100km","-"
"120","https://www.car-info.com/en/model/porsche/cayenne/cayenne-ii-facelift-958/diesel-3-0d-at-211-hp-4wd","Porsche","Cayenne II Facelift (958)","2014  - ","2967","SUV","5","5","4855 mm","1939 mm","1705 mm","2895","1705 kg","2870 kg","1780 l","155 kw","208 hp","155 N*m/rpm","Common rail ","6","-","4","8","Diesel","85 liters","Euro 5","-","-","-","255/55 R18","8Jx18","209 km/h","8.5 s","-","-","-"
"121","https://www.car-info.com/en/model/porsche/cayenne/cayenne-ii-facelift-958/diesel-3-0d-at-245-hp-4wd","Porsche","Cayenne II Facelift (958)","2014  - ","2967","SUV","5","5","4855 mm","1939 mm","1705 mm","2895","1705 kg","2860 kg","1780 l","180 kw","241 hp","180 N*m/rpm","Common rail ","6","-","-","8","Diesel","98 liters","Euro 5","-","-","-","255/55 R18","8Jx18","218 km/h","7.8 s","-","-","-"
"122","https://www.car-info.com/en/model/porsche/cayenne/cayenne-ii-facelift-958/diesel-3-0d-at-262-hp-4wd","Porsche","Cayenne II Facelift (958)","2014  - ","2967","SUV","5","5","4855 mm","1939 mm","1705 mm","2895","1705 kg","2870 kg","1780 l","192 kw","257 hp","192 N*m/rpm","Common rail ","6","-","4","8","Diesel","85 liters","Euro 5","-","-","-","255/55 R18","8Jx18","221 km/h","7.3 s","-","-","-"
"123","https://www.car-info.com/en/model/porsche/cayenne/cayenne-ii-facelift-958/s-e-hybrid-3-0hyb-at-333-hp-4wd","Porsche","Cayenne II Facelift (958)","2014  - ","2995","SUV","5","5","4855 mm","1939 mm","1705 mm","2895","1705 kg","3050 kg","1780 l","244 kw","327 hp","244 N*m/rpm","Injection ","6","-","4","8","A-95","80 liters","-","-","-","-","255/55 R18","8Jx18","243 km/h","5.9 s","-","-","-"
"124","https://www.car-info.com/en/model/porsche/cayenne/cayenne-ii-facelift-958/s-3-6-at-420-hp-4wd","Porsche","Cayenne II Facelift (958)","2014  - ","3604","SUV","5","5","4846 mm","1939 mm","1705 mm","2895","1705 kg","2860 kg","1780 l","308 kw","413 hp","308 N*m/rpm","Injection ","6","-","4","8","A-95","85 liters","-","-","-","-","255/55 R18","8Jx18","259 km/h","5.5 s","13 l/100km","8 l/100km","-"
"125","https://www.car-info.com/en/model/porsche/cayenne/cayenne-ii-facelift-958/gts-3-6-at-440-hp-4wd","Porsche","Cayenne II Facelift (958)","2014  - ","3604","SUV","5","5","4846 mm","1939 mm","1705 mm","2895","1705 kg","2865 kg","1780 l","323 kw","433 hp","323 N*m/rpm","Injection ","6","-","4","8","A-95","85 liters","-","-","-","-","255/55 R18","8Jx18","262 km/h","5.2 s","-","-","10 l/100km"
"126","https://www.car-info.com/en/model/porsche/cayenne/cayenne-ii-facelift-958/s-diesel-4-1d-at-385-hp-4wd","Porsche","Cayenne II Facelift (958)","2014  - ","4134","SUV","5","5","4855 mm","1939 mm","1699 mm","2895","1699 kg","2955 kg","1780 l","282 kw","378 hp","282 N*m/rpm","Common rail ","8","-","4","8","Diesel","85 liters","-","-","-","-","-","-","252 km/h","5.4 s","10 l/100km","7 l/100km","8 l/100km"
"127","https://www.car-info.com/en/model/porsche/cayenne/cayenne-ii-facelift-958/turbo-4-8-at-520-hp-4wd","Porsche","Cayenne II Facelift (958)","2014  - ","4806","SUV","5","5","4855 mm","1939 mm","1702 mm","2895","1702 kg","2895 kg","1780 l","381 kw","511 hp","381 N*m/rpm","Injection ","8","-","4","8","A-98","100 liters","-","-","-","-","265/50 R19","8.5Jx19","279 km/h","4.5 s","-","-","-"
"128","https://www.car-info.com/en/model/porsche/cayenne/cayenne-ii/3-0s-hybrid-333hp-47hp","Porsche","Cayenne II","2010  - -","2995","Cabrio","4","5","4846 mm","2155 mm","1705 mm","2895","1705 kg","2910 kg","-","244 kw","327 hp","244 N*m/rpm","Injection ","6","-","4","8","A-95","100 liters","-","-","-","-","255/55 R18","8Jx18","242 km/h","6.5 s","8.7 l/100km","7.9 l/100km","8.2 l/100km"
"129","https://www.car-info.com/en/model/porsche/cayenne/cayenne-ii/3-0td-240hp","Porsche","Cayenne II","2010  - -","2967","Wagon","4","5","4846 mm","2155 mm","1705 mm","2895","1705 kg","2860 kg","-","176 kw","236 hp","176 N*m/rpm","Common rail ","6","-","-","8","Diesel","98 liters","-","-","-","-","255/55 R18","8Jx18","218 km/h","7.8 s","8.7 l/100km","6.6 l/100km","7.4 l/100km"
"130","https://www.car-info.com/en/model/porsche/cayenne/cayenne-ii/3-6i-v6-300hp","Porsche","Cayenne II","2010  - -","3598","Wagon","4","5","4846 mm","2155 mm","1705 mm","2895","1705 kg","2765 kg","-","220 kw","295 hp","220 N*m/rpm","Injection ","6","-","-","6","A-95","100 liters","-","-","-","-","255/55 R18","8Jx18","230 km/h","7.5 s","15.9 l/100km","8.4 l/100km","11.2 l/100km"
"131","https://www.car-info.com/en/model/porsche/cayenne/cayenne-ii/4-8s-v8-400hp","Porsche","Cayenne II","2010  - -","4806","Wagon","4","5","4846 mm","2155 mm","1705 mm","2895","1705 kg","2840 kg","-","293 kw","393 hp","293 N*m/rpm","Injection ","8","-","4","8","A-98","100 liters","-","-","-","-","255/55 R18","8Jx18","258 km/h","5.9 s","14.5 l/100km","8.2 l/100km","10.5 l/100km"
"132","https://www.car-info.com/en/model/porsche/cayenne/cayenne-ii/4-8t-v8-500hp","Porsche","Cayenne II","2010  - -","4806","Wagon","4","5","4846 mm","2155 mm","1702 mm","2895","1702 kg","2880 kg","-","367 kw","492 hp","367 N*m/rpm","Injection ","8","-","4","8","A-98","115 liters","-","-","-","-","265/50 R19","8.5Jx19","278 km/h","4.7 s","16.2 l/100km","8.8 l/100km","11.5 l/100km"
"133","https://www.car-info.com/en/model/porsche/cayenne/cayenne-ii/gts-4-8i-420hp","Porsche","Cayenne II","2010  - -","4806","Coupe","-","-","4846 mm","1939 mm","1705 mm","2895","1705 kg","2840 kg","-","308 kw","413 hp","308 N*m/rpm","Injection ","-","96 mm","-","-","A-98","85 liters","-","-","-","-","275/45 R20","-","261 km/h","5.7 s","14.8 l/100km","8.5 l/100km","10.7 l/100km"
"134","https://www.car-info.com/en/model/porsche/cayenne/cayenne-ii/turbo-s-4-8i-v8-550hp","Porsche","Cayenne II","2010  - -","4806","SUV","-","-","4846 mm","2155 mm","1702 mm","2895","1702 kg","2880 kg","-","403 kw","540 hp","403 N*m/rpm","Injection ","-","-","-","-","A-98","85 liters","-","-","-","-","295/35 R19","-","283 km/h","4.5 s","15.8 l/100km","8.4 l/100km","11.5 l/100km"
"135","https://www.car-info.com/en/model/porsche/cayenne/cayenne-955-facelift/3-0-diesel-240-hp-tiptronic-dpf","Porsche","Cayenne (955) Facelift ","2009  - -","2967","Wagon","5","5","4798 mm","1928 mm","1699 mm","2855","1699 kg","3015 kg","-","176 kw","236 hp","176 N*m/rpm","Common rail ","6","-","-","6","Diesel","100 liters","-","Yes","-","-","235/65R17","-","214 km/h","8.3 s","11.6 l/100km","7.9 l/100km","9.3 l/100km"
"136","https://www.car-info.com/en/model/porsche/cayenne/cayenne-955-facelift/3-6-290-hp","Porsche","Cayenne (955) Facelift ","2007  - -","3598","SUV","5","5","4798 mm","1928 mm","1699 mm","2855","1699 kg","2945 kg","-","213 kw","285 hp","213 N*m/rpm","Injection ","6","-","4","6","A-98","100 liters","-","Yes","-","-","235/65 R17","-","227 km/h","8.1 s","18.5 l/100km","9.7 l/100km","12.9 l/100km"
"137","https://www.car-info.com/en/model/porsche/cayenne/cayenne-955-facelift/3-6-290-hp-tiptronic","Porsche","Cayenne (955) Facelift ","2007  - -","3598","SUV","5","5","4798 mm","1928 mm","1699 mm","2855","1699 kg","2945 kg","-","213 kw","285 hp","213 N*m/rpm","Injection ","6","-","4","6","A-98","100 liters","-","Yes","-","-","235/65 R17","-","227 km/h","8.5 s","18.3 l/100km","9.8 l/100km","12.9 l/100km"
"138","https://www.car-info.com/en/model/porsche/cayenne/cayenne-955-facelift/4-8-gts-405-hp","Porsche","Cayenne (955) Facelift ","2007  - -","4806","SUV","5","5","4795 mm","1957 mm","1675 mm","2855","1675 kg","3080 kg","-","297 kw","398 hp","297 N*m/rpm","Injection ","8","-","4","6","A-98","100 liters","-","Yes","-","-","295/35R21V","-","253 km/h","6.1 s","22.6 l/100km","10.9 l/100km","15.1 l/100km"
"139","https://www.car-info.com/en/model/porsche/cayenne/cayenne-955-facelift/4-8-gts-405-hp-tiptronic","Porsche","Cayenne (955) Facelift ","2007  - -","4806","SUV","5","5","4795 mm","1957 mm","1675 mm","2855","1675 kg","3080 kg","-","297 kw","398 hp","297 N*m/rpm","Injection ","8","-","4","6","A-98","100 liters","-","Yes","-","-","295/35R21V","-","251 km/h","6.5 s","20.6 l/100km","10.2 l/100km","13.9 l/100km"
"140","https://www.car-info.com/en/model/porsche/cayenne/cayenne-955-facelift/4-8-s-385-hp","Porsche","Cayenne (955) Facelift ","2007  - -","4806","SUV","5","5","4798 mm","1928 mm","1699 mm","2855","1699 kg","3080 kg","-","282 kw","378 hp","282 N*m/rpm","Injection ","8","-","4","6","A-98","100 liters","-","Yes","-","-","255/55 R18","8J x 18","252 km/h","6.6 s","22.1 l/100km","10.7 l/100km","14.9 l/100km"
"141","https://www.car-info.com/en/model/porsche/cayenne/cayenne-955-facelift/4-8-s-385-hp-tiptronic","Porsche","Cayenne (955) Facelift ","2007  - -","4806","SUV","5","5","4798 mm","1928 mm","1699 mm","2855","1699 kg","3080 kg","-","282 kw","378 hp","282 N*m/rpm","Injection ","8","-","4","6","A-98","100 liters","-","Yes","-","-","255/55 R18","8J x 18","250 km/h","6.8 s","20.3 l/100km","9.9 l/100km","13.7 l/100km"
"142","https://www.car-info.com/en/model/porsche/cayenne/cayenne-955-facelift/4-8-turbo-500-hp-tiptronic","Porsche","Cayenne (955) Facelift ","2007  - -","4806","SUV","5","5","4795 mm","1957 mm","1675 mm","2855","1675 kg","3080 kg","-","367 kw","492 hp","367 N*m/rpm","Injection ","8","-","4","6","A-98","100 liters","-","Yes","-","-","255/55 R 18","8J x 18","275 km/h","5.1 s","22.5 l/100km","10.5 l/100km","14.9 l/100km"
"143","https://www.car-info.com/en/model/porsche/cayenne/cayenne-955-facelift/4-8-turbo-s-550-hp-tiptronic","Porsche","Cayenne (955) Facelift ","2007  - -","4806","SUV","5","5","4795 mm","1957 mm","1675 mm","2855","1675 kg","3080 kg","-","403 kw","540 hp","403 N*m/rpm","Injection ","8","-","4","6","A-98","100 liters","-","Yes","-","-","295/35R21V","-","280 km/h","4.8 s","-","-","14.9 l/100km"
"144","https://www.car-info.com/en/model/porsche/cayenne/cayenne-955/3-2-i-250","Porsche","Cayenne (955)","2003  - 2006","3189","SUV","5","5","4782 mm","1928 mm","1699 mm","2855","1699 kg","2945 kg","-","183 kw","245 hp","183 N*m/rpm","Injection ","6","-","4","6","A-98","100 liters","-","Yes","-","-","255/55 R18","8J x 18","214 km/h","9.1 s","17.8 l/100km","10.6 l/100km","-"
"145","https://www.car-info.com/en/model/porsche/cayenne/cayenne-955/3-2-i-250-tiptronic-s","Porsche","Cayenne (955)","2003  - 2006","3189","SUV","5","5","4782 mm","1928 mm","1699 mm","2855","1699 kg","2945 kg","-","183 kw","245 hp","183 N*m/rpm","Injection ","6","-","4","6","A-98","100 liters","-","Yes","-","-","235/65 R17 108V","-","214 km/h","9.7 s","18.4 l/100km","10.7 l/100km","13.5 l/100km"
"146","https://www.car-info.com/en/model/porsche/cayenne/cayenne-955/4-5-s-340-hp","Porsche","Cayenne (955)","2002  - 2006","4511","SUV","5","5","4782 mm","1928 mm","1699 mm","2855","1699 kg","3080 kg","-","249 kw","334 hp","249 N*m/rpm","Injection ","8","93 mm","4","6","A-98","100 liters","-","Yes","-","-","255/55 R18 109Y","8J x 18","242 km/h","6.8 s","22.8 l/100km","11.8 l/100km","15.8 l/100km"
"147","https://www.car-info.com/en/model/porsche/cayenne/cayenne-955/4-5-s-340-hp-tiptronic","Porsche","Cayenne (955)","2002  - 2006","4511","SUV","5","5","4782 mm","1928 mm","1699 mm","2855","1699 kg","3080 kg","-","249 kw","334 hp","249 N*m/rpm","Injection ","8","93 mm","4","6","A-98","100 liters","-","Yes","-","-","255/55 R18 109Y","8J x 18","242 km/h","7.2 s","20.9 l/100km","11.2 l/100km","14.9 l/100km"
"148","https://www.car-info.com/en/model/porsche/cayenne/cayenne-955/4-5-turbo-450-hp","Porsche","Cayenne (955)","2002  - 2006","4511","SUV","5","5","4782 mm","1928 mm","1699 mm","2855","1699 kg","3080 kg","-","330 kw","442 hp","330 N*m/rpm","Injection ","8","93 mm","4","6","A-98","100 liters","-","Yes","-","-","255/55 R 18","8J x 18","266 km/h","5.6 s","21.9 l/100km","11.9 l/100km","15.7 l/100km"
"149","https://www.car-info.com/en/model/porsche/cayenne/cayenne-955/4-5-turbo-s-521","Porsche","Cayenne (955)","2005  - 2006","4511","SUV","5","5","4786 mm","1928 mm","1699 mm","2855","1699 kg","3080 kg","-","382 kw","512 hp","382 N*m/rpm","Injection ","8","-","4","6","A-98","100 liters","-","Yes","-","-","255/55 R18","8J x 18","270 km/h","5.2 s","21.9 l/100km","11.9 l/100km","15.7 l/100km"
"150","https://www.car-info.com/en/model/porsche/cayman/cayman-ii/2-7-at-275-hp","Porsche","Cayman II","2012  - ","2706","Coupe","2","2","4380 mm","1801 mm","1294 mm","2475","1294 kg","1675 kg","275 l","202 kw","271 hp","202 N*m/rpm","Injection ","6","-","4","7","A-95","64 liters","EURO V","-","-","-","235/45 R18, 265/45 R18","-","264 km/h","5.6 s","13.6 l/100km","6.5 l/100km","9.1 l/100km"
"151","https://www.car-info.com/en/model/porsche/cayman/cayman-ii/2-7-mt-275-hp","Porsche","Cayman II","2012  - ","2706","Coupe","2","2","4380 mm","1801 mm","1294 mm","2475","1294 kg","1645 kg","275 l","202 kw","271 hp","202 N*m/rpm","Injection ","6","-","4","6","A-95","64 liters","EURO V","-","-","-","235/45 R18, 265/45 R18","-","266 km/h","5.7 s","13.8 l/100km","6.9 l/100km","9.4 l/100km"
"152","https://www.car-info.com/en/model/porsche/cayman/cayman-ii/s-3-4-at-325-hp","Porsche","Cayman II","2012  - ","3436","Coupe","2","2","4380 mm","1801 mm","1294 mm","2475","1294 kg","1685 kg","275 l","238 kw","319 hp","238 N*m/rpm","Injection ","6","-","4","7","A-95","64 liters","EURO V","-","-","-","235/40 R19, 265/40 R19","-","281 km/h","4.9 s","11.2 l/100km","6.2 l/100km","8 l/100km"
"153","https://www.car-info.com/en/model/porsche/cayman/cayman-ii/s-3-4-mt-325-hp","Porsche","Cayman II","2012  - ","3436","Coupe","2","2","4380 mm","1801 mm","1294 mm","2475","1294 kg","1655 kg","275 l","238 kw","319 hp","238 N*m/rpm","Injection ","6","-","4","6","A-95","64 liters","EURO V","-","-","-","235/40 R19, 265/40 R19","-","283 km/h","5 s","12.2 l/100km","6.9 l/100km","8.8 l/100km"
"154","https://www.car-info.com/en/model/porsche/cayman/cayman/3-4-cayman-s-295-hp","Porsche","Cayman","2005  - -","3387","Cabrio","-","-","4341 mm","1801 mm","1305 mm","2415","1305 kg","1630 kg","-","216 kw","289 hp","216 N*m/rpm","Injection ","6","-","4","6","A-95","64 liters","-","Yes","-","-","-","-","275 km/h","5.4 s","15.3 l/100km","7.8 l/100km","-"
"155","https://www.car-info.com/en/model/porsche/cayman/cayman/2-7i-h6-245hp","Porsche","Cayman","2006  - -","2687","Cabrio","-","-","4341 mm","1801 mm","1305 mm","2415","1305 kg","1630 kg","-","180 kw","241 hp","180 N*m/rpm","Injection ","-","-","-","-","A-98","64 liters","-","Yes","-","-","-","-","275 km/h","-","-","-","-"
"156","https://www.car-info.com/en/model/porsche/cayman/cayman/2-9i-265hp","Porsche","Cayman","2009  - -","2893","Coupe","-","-","4347 mm","1801 mm","1304 mm","2415","1304 kg","1635 kg","-","194 kw","260 hp","194 N*m/rpm","Injection ","-","89 mm","-","-","A-98","65 liters","-","Yes","-","-","205/55 R17","-","265 km/h","5.8 s","13.8 l/100km","6.9 l/100km","9.4 l/100km"
"157","https://www.car-info.com/en/model/porsche/cayman/cayman/3-4-cayman-r-330hp","Porsche","Cayman","2009  - -","3436","Coupe","-","-","4347 mm","1801 mm","1304 mm","2415","1304 kg","1590 kg","-","242 kw","324 hp","242 N*m/rpm","Injection ","-","-","-","-","A-98","65 liters","-","Yes","-","-","235/40 R18","-","282 km/h","5 s","14.2 l/100km","7.1 l/100km","9.7 l/100km"
"158","https://www.car-info.com/en/model/porsche/carrera-gt/carrera-gt/5-7-i-v10-40v-612-hp","Porsche","Carrera GT","2003  - 2007","5733","Cabrio","2","2","4613 mm","1921 mm","1166 mm","2730","1166 kg","1600 kg","-","449 kw","602 hp","449 N*m/rpm","Injection ","10","98 mm","4","6","A-98","92 liters","-","Yes","-","-","265/35 - 335/30 R20","9,5 J x 19 - 12,5 J x 20","330 km/h","3.9 s","28.3 l/100km","11.7 l/100km","-"
"159","https://www.car-info.com/en/model/porsche/macan/macan/s-3-0-at-340-hp-4wd","Porsche","Macan","2013  - ","2997","SUV","5","5","4681 mm","1923 mm","1624 mm","2807","1624 kg","2550 kg","1500 l","249 kw","334 hp","249 N*m/rpm","Injection ","6","-","4","7","A-98","-","-","-","-","-","-","-","254 km/h","5.4 s","11.6 l/100km","7.6 l/100km","9 l/100km"
"160","https://www.car-info.com/en/model/porsche/macan/macan/turbo-3-0-at-400-hp-4wd","Porsche","Macan","2013  - ","2997","SUV","5","5","4681 mm","1923 mm","1624 mm","2807","1624 kg","2550 kg","1500 l","293 kw","393 hp","293 N*m/rpm","Injection ","6","-","4","7","A-98","-","-","-","-","-","-","-","266 km/h","4.8 s","11.8 l/100km","7.8 l/100km","9.2 l/100km"
"161","https://www.car-info.com/en/model/porsche/macan/macan/s-diesel-3-0d-at-258-hp-4wd","Porsche","Macan","2013  - ","2967","SUV","5","5","4681 mm","1923 mm","1624 mm","2807","1624 kg","2575 kg","1500 l","189 kw","253 hp","189 N*m/rpm","Common rail ","6","-","4","7","Diesel","-","-","-","-","-","-","-","230 km/h","6.3 s","6.9 l/100km","5.9 l/100km","6.3 l/100km"
"162","https://www.car-info.com/en/model/porsche/macan/macan/2-0-at-237-hp-4wd","Porsche","Macan","2014  - ","1984","SUV","5","5","4681 mm","1923 mm","1624 mm","2807","1624 kg","2445 kg","500 l","174 kw","233 hp","174 N*m/rpm","Injection ","4","-","4","7","A-95","75 liters","Euro 6","-","-","-","235/60/R18, 255/55/R18","-","223 km/h","6.9 s","-","-","-"
"163","https://www.car-info.com/en/model/porsche/macan/macan/gts-3-0-at-360-hp-4wd","Porsche","Macan","2015  - ","2997","SUV","5","5","4681 mm","1923 mm","1624 mm","2807","1624 kg","2550 kg","500 l","264 kw","354 hp","264 N*m/rpm","Injection ","6","-","4","7","A-98","75 liters","Euro 6","-","-","-","235/60/R18, 255/55/R18","-","256 km/h","5.2 s","-","-","-"
"164","https://www.car-info.com/en/model/porsche/macan/macan/diesel-3-0d-at-211-hp-4wd-1","Porsche","Macan","2014  - ","2967","SUV","5","5","4681 mm","1923 mm","1624 mm","2807","1624 kg","2575 kg","500 l","155 kw","208 hp","155 N*m/rpm","Injection ","6","-","4","7","Diesel","75 liters","Euro 6","-","-","-","235/60/R18, 255/55/R18","-","216 km/h","7.7 s","-","-","-"
"165","https://www.car-info.com/en/model/porsche/panamera/panamera-turbo-s/4-8t-v8-550hp","Porsche","Panamera Turbo S","2009  - -","4806","Coupe","-","-","4970 mm","1930 mm","1418 mm","2920","1418 kg","2500 kg","-","403 kw","540 hp","403 N*m/rpm","Injection ","-","-","-","-","A-98","100 liters","-","-","-","-","-","-","306 km/h","3.8 s","17 l/100km","8.4 l/100km","11.5 l/100km"
"166","https://www.car-info.com/en/model/porsche/panamera/panamera-s-hybrid/3-0i-v6-hybrid-333-47hp","Porsche","Panamera S Hybrid","2011  - -","2995","Coupe","-","-","4970 mm","1913 mm","1418 mm","2920","1418 kg","2375 kg","-","244 kw","327 hp","244 N*m/rpm","Injection ","-","-","-","-","A-95","80 liters","-","Yes","-","-","245/50 R18  -  275/45 R18","-","270 km/h","6 s","7.6 l/100km","6.8 l/100km","7.1 l/100km"
"167","https://www.car-info.com/en/model/porsche/panamera/panamera-i-facelift/4s-3-0-at-420-hp-4wd-1","Porsche","Panamera I Facelift","2013  - ","2997","Fastback","5","4","5015 mm","1931 mm","1418 mm","2920","1418 kg","2450 kg","126 l","308 kw","413 hp","308 N*m/rpm","Injection ","6","-","4","7","A-98","80 liters","EURO V","-","-","-","245/50 R18; 275/45 R18","-","286 km/h","4.8 s","12.2 l/100km","7.2 l/100km","8.9 l/100km"
"168","https://www.car-info.com/en/model/porsche/panamera/panamera-i-facelift/s-3-0-at-420-hp","Porsche","Panamera I Facelift","2013  - ","2997","Fastback","5","4","5015 mm","1931 mm","1418 mm","2920","1418 kg","2415 kg","126 l","308 kw","413 hp","308 N*m/rpm","Injection ","6","-","4","7","A-98","80 liters","EURO V","-","-","-","245/50 R18; 275/45 R18","-","287 km/h","5.1 s","11.9 l/100km","6.9 l/100km","8.7 l/100km"
"169","https://www.car-info.com/en/model/porsche/panamera/panamera-i-facelift/diesel-3-0d-at-250-hp","Porsche","Panamera I Facelift","2013  - 2013","2967","Fastback","5","4","5015 mm","1931 mm","1418 mm","2920","1418 kg","2500 kg","126 l","183 kw","245 hp","183 N*m/rpm","Common rail ","6","-","-","8","Diesel","80 liters","EURO V","-","-","-","245/50 R18; 275/45 R18","-","244 km/h","6.4 s","7.8 l/100km","5.5 l/100km","6.3 l/100km"
"170","https://www.car-info.com/en/model/porsche/panamera/panamera-i-facelift/diesel-3-0d-at-300-hp","Porsche","Panamera I Facelift","2013  - ","2967","Fastback","5","4","5015 mm","1931 mm","1418 mm","2920","1418 kg","2500 kg","126 l","220 kw","295 hp","220 N*m/rpm","Common rail ","6","-","4","8","Diesel","80 liters","EURO V","-","-","-","245/50 R18; 275/45 R18","-","259 km/h","6 s","-","-","6.4 l/100km"
"171","https://www.car-info.com/en/model/porsche/panamera/panamera-i-facelift/s-e-hybrid-3-0hyb-at-333-hp","Porsche","Panamera I Facelift","2013  - ","2995","Fastback","5","4","5015 mm","1931 mm","1418 mm","2920","1418 kg","2580 kg","126 l","244 kw","327 hp","244 N*m/rpm","Injection ","6","-","4","8","A-95","80 liters","EURO V","-","-","-","245/50 R18; 275/45 R18","-","270 km/h","5.5 s","-","-","3.1 l/100km"
"172","https://www.car-info.com/en/model/porsche/panamera/panamera-i-facelift/3-6-at-310-hp","Porsche","Panamera I Facelift","2013  - ","3605","Fastback","5","4","5015 mm","1931 mm","1418 mm","2920","1418 kg","2380 kg","126 l","227 kw","304 hp","227 N*m/rpm","Injection ","6","-","-","7","A-98","80 liters","EURO V","-","-","-","245/50 R18; 275/45 R18","-","259 km/h","6.3 s","11.2 l/100km","6.8 l/100km","8.4 l/100km"
"173","https://www.car-info.com/en/model/porsche/panamera/panamera-i-facelift/4-3-6-at-310-hp-4wd","Porsche","Panamera I Facelift","2013  - ","3605","Fastback","5","4","5015 mm","1931 mm","1418 mm","2920","1418 kg","2420 kg","126 l","227 kw","304 hp","227 N*m/rpm","Injection ","6","-","-","7","A-98","80 liters","EURO V","-","-","-","245/50 R18; 275/45 R18","-","257 km/h","6.1 s","11.4 l/100km","7.1 l/100km","8.7 l/100km"
"174","https://www.car-info.com/en/model/porsche/panamera/panamera-i-facelift/gts-4-8-at-440-hp-4wd","Porsche","Panamera I Facelift","2013  - ","4806","Fastback","5","4","5015 mm","1931 mm","1408 mm","2920","1408 kg","2500 kg","126 l","323 kw","433 hp","323 N*m/rpm","Injection ","8","-","4","7","A-98","100 liters","-","-","-","-","-","-","288 km/h","4.4 s","15.7 l/100km","7.8 l/100km","10.7 l/100km"
"175","https://www.car-info.com/en/model/porsche/panamera/panamera-i-facelift/turbo-4-8-at-520-hp-4wd-1","Porsche","Panamera I Facelift","2013  - ","4806","Fastback","5","4","5015 mm","1931 mm","1418 mm","2920","1418 kg","2500 kg","126 l","381 kw","511 hp","381 N*m/rpm","Injection ","8","-","4","7","A-98","100 liters","EURO V","-","-","-","255/45 R19; 285/40 R19","-","305 km/h","4.1 s","14.7 l/100km","7.7 l/100km","10.2 l/100km"
"176","https://www.car-info.com/en/model/porsche/panamera/panamera-i-facelift/turbo-s-4-8-at-570-hp-4wd","Porsche","Panamera I Facelift","2013  - ","4806","Fastback","5","4","5015 mm","1931 mm","1418 mm","2920","1418 kg","2500 kg","126 l","418 kw","560 hp","418 N*m/rpm","Injection ","8","96,0 mm","4","7","A-98","100 liters","EURO V","-","-","-","255/45 R19; 285/40 R19","-","310 km/h","3.8 s","14.7 l/100km","7.7 l/100km","10.2 l/100km"
"177","https://www.car-info.com/en/model/porsche/panamera/panamera-i-facelift/4s-executive-3-0-at-420-hp-4wd","Porsche","Panamera I Facelift","2013  - ","2997","Fastback","5","4","5165 mm","1931 mm","1425 mm","3070","1425 kg","2485 kg","126 l","308 kw","413 hp","308 N*m/rpm","Injection ","6","-","4","7","A-98","100 liters","EURO V","-","-","-","245/50 R18; 275/45 R18","-","286 km/h","5 s","12.4 l/100km","7.3 l/100km","9 l/100km"
"178","https://www.car-info.com/en/model/porsche/panamera/panamera-i-facelift/turbo-executive-4-8-at-520-hp-4wd","Porsche","Panamera I Facelift","2013  - ","4806","Fastback","5","4","5165 mm","1931 mm","1425 mm","3070","1425 kg","2560 kg","126 l","381 kw","511 hp","381 N*m/rpm","Injection ","8","-","4","7","A-98","100 liters","-","-","-","-","255/45 R19; 285/40 R19","-","305 km/h","4.2 s","14.9 l/100km","7.8 l/100km","10.3 l/100km"
"179","https://www.car-info.com/en/model/porsche/panamera/panamera-i-facelift/turbo-s-executive-4-8-at-570-hp-4wd","Porsche","Panamera I Facelift","2013  - ","4806","Fastback","5","4","5165 mm","1931 mm","1425 mm","3070","1425 kg","2560 kg","126 l","418 kw","560 hp","418 N*m/rpm","Injection ","8","96,0 mm","4","7","A-98","100 liters","-","-","-","-","255/45 R19; 285/40 R19","-","310 km/h","3.9 s","14.9 l/100km","7.8 l/100km","10.3 l/100km"
"180","https://www.car-info.com/en/model/porsche/panamera/panamera-gts/4-8-v8-430-hp","Porsche","Panamera GTS","2012  - -","4806","SUV","-","-","4970 mm","1931 mm","1408 mm","2920","1408 kg","2480 kg","-","315 kw","422 hp","315 N*m/rpm","Injection ","-","-","-","-","A-98","100 liters","-","-","-","-","-","-","288 km/h","4.5 s","16.1 l/100km","8 l/100km","10.9 l/100km"
"181","https://www.car-info.com/en/model/porsche/panamera/panamera-diesel/3-0-tdi-v6-250hp-1","Porsche","Panamera Diesel","2011  - -","2967","SUV","-","-","4970 mm","1913 mm","1418 mm","2920","1418 kg","2365 kg","-","183 kw","245 hp","183 N*m/rpm","Common rail ","-","-","-","-","Diesel","80 liters","-","Yes","-","-","245/50 R18  -  275/45 R18","-","242 km/h","6.8 s","8.1 l/100km","5.6 l/100km","6.5 l/100km"
"182","https://www.car-info.com/en/model/porsche/panamera/panamera/3-6-v6-300-hp-1","Porsche","Panamera","2010  - -","3605","SUV","4","4","4970 mm","1913 mm","1418 mm","2920","1418 kg","-","-","220 kw","295 hp","220 N*m/rpm","Injection ","6","-","4","6","-","80 liters","-","Yes","-","-","245/50R18W ?????, 275/45R18 ???","-","261 km/h","6.8 s","16.4 l/100km","7.8 l/100km","11.3 l/100km"
"183","https://www.car-info.com/en/model/porsche/panamera/panamera/3-6-v6-300-hp-4wd","Porsche","Panamera","2010  - -","3605","Coupe","4","4","4970 mm","1913 mm","1418 mm","2920","1418 kg","2365 kg","-","220 kw","295 hp","220 N*m/rpm","Injection ","6","-","4","6","-","80 liters","-","Yes","-","-","245/50R18W ?????, 275/45R18 ???","-","261 km/h","6.8 s","16.4 l/100km","7.8 l/100km","11.3 l/100km"
"184","https://www.car-info.com/en/model/porsche/panamera/panamera/4-8-v8-4s-400-hp-pdk","Porsche","Panamera","2009  - -","4806","Coupe","4","4","4970 mm","1913 mm","1418 mm","2920","1418 kg","2440 kg","-","293 kw","393 hp","293 N*m/rpm","Injection ","8","-","4","7","A-98","100 liters","-","Yes","-","-","245/50R18W ?????, 275/45R18 ???","-","282 km/h","5 s","16.4 l/100km","8.1 l/100km","11.1 l/100km"
"185","https://www.car-info.com/en/model/porsche/panamera/panamera/4-8-v8-s-400-hp","Porsche","Panamera","2009  - -","4806","Coupe","4","4","4970 mm","1913 mm","1418 mm","2920","1418 kg","2375 kg","-","293 kw","393 hp","293 N*m/rpm","Injection ","8","-","4","6","A-98","80 liters","-","Yes","-","-","245/50R18W ?????, 275/45R18 ???","-","285 km/h","5.6 s","18.8 l/100km","8.9 l/100km","12.5 l/100km"
"186","https://www.car-info.com/en/model/porsche/panamera/panamera/4-8-v8-s-400-hp-pdk","Porsche","Panamera","2009  - -","4806","Coupe","4","4","4970 mm","1913 mm","1418 mm","2920","1418 kg","2405 kg","-","293 kw","393 hp","293 N*m/rpm","Injection ","8","-","4","7","A-98","80 liters","-","Yes","-","-","245/50R18W ?????, 275/45R18 ???","-","283 km/h","5.4 s","16 l/100km","7.9 l/100km","10.8 l/100km"
"187","https://www.car-info.com/en/model/porsche/panamera/panamera/4-8-v8-turbo-500-hp-pdk","Porsche","Panamera","2009  - -","4806","Coupe","4","4","4970 mm","1913 mm","1418 mm","2920","1418 kg","2500 kg","-","367 kw","492 hp","367 N*m/rpm","Injection ","8","-","4","7","A-98","100 liters","-","Yes","-","-","255/45 ZR 19 ?????, 285/40 ZR 19 ???","9 J x 19 ET60 ?????, 10 J x 19 ET61 ???","303 km/h","4.2 s","18 l/100km","8.9 l/100km","12.2 l/100km"
